Source Term ID	Source Term	t2t.Mapping	t2t.MappingLabel	Benchmark.Mapping	Benchmark.MappingLabel	Classification	IsDisease	IsMeasurement	IsPhenotype	IsAmount	IsProcess
143B_BONE	143B	EFO:0006355	143B	EFO:0006355	143B	Same	FALSE	FALSE	FALSE	FALSE	FALSE
22RV1_PROSTATE	22Rv1	EFO:0002095	22Rv1	EFO:0002095	22Rv1	Same	FALSE	FALSE	FALSE	FALSE	FALSE
2313287_STOMACH	23132/87	EFO:0006528	23132/87	EFO:0006528	23132/87	Same	FALSE	FALSE	FALSE	FALSE	FALSE
5637_URINARY_TRACT	5637	EFO:0002096	5637	EFO:0002096	5637	Same	FALSE	FALSE	FALSE	FALSE	FALSE
59M_OVARY	59M	EFO:0006358	59M	EFO:0006358	59M	Same	FALSE	FALSE	FALSE	FALSE	FALSE
639V_URINARY_TRACT	639-V	EFO:0002097	639V	EFO:0002097	639V	Same	FALSE	FALSE	FALSE	FALSE	FALSE
647V_URINARY_TRACT	647-V	EFO:0004967	Alexa Fluor 647	EFO:0002098	647V	Unrelated	FALSE	FALSE	FALSE	FALSE	FALSE
769P_KIDNEY	769-P	EFO:0002099	769P	EFO:0002099	769P	Same	FALSE	FALSE	FALSE	FALSE	FALSE
A101D_SKIN	A101D	EFO:0002100	A101D	EFO:0002100	A101D	Same	FALSE	FALSE	FALSE	FALSE	FALSE
A172_CENTRAL_NERVOUS_SYSTEM	A172	EFO:0002101	A172	EFO:0002101	A172	Same	FALSE	FALSE	FALSE	FALSE	FALSE
A204_SOFT_TISSUE	A-204	EFO:0002102	A204	EFO:0002102	A204	Same	FALSE	FALSE	FALSE	FALSE	FALSE
A2058_SKIN	A2058	EFO:0006361	A2058	EFO:0006361	A2058	Same	FALSE	FALSE	FALSE	FALSE	FALSE
A2780_OVARY	A2780	EFO:0006362	A2780	EFO:0006362	A2780	Same	FALSE	FALSE	FALSE	FALSE	FALSE
A375_SKIN	A-375	EFO:0002103	A375	EFO:0002103	A375	Same	FALSE	FALSE	FALSE	FALSE	FALSE
A3KAW_HAEMATOPOIETIC_AND_LYMPHOID_TISSUE	A3/KAW	EFO:0006532	A3/KAW	EFO:0006532	A3/KAW	Same	FALSE	FALSE	FALSE	FALSE	FALSE
A498_KIDNEY	A-498	EFO:0002105	A498	EFO:0002105	A498	Same	FALSE	FALSE	FALSE	FALSE	FALSE
A4FUK_HAEMATOPOIETIC_AND_LYMPHOID_TISSUE	A4/Fuk	EFO:0006533	A4/Fuk	EFO:0006533	A4/Fuk	Same	FALSE	FALSE	FALSE	FALSE	FALSE
A549_LUNG	A549	EFO:0001086	A549	EFO:0001086	A549	Same	FALSE	FALSE	FALSE	FALSE	FALSE
A673_BONE	A-673	EFO:0002106	A673	EFO:0002106	A673	Same	FALSE	FALSE	FALSE	FALSE	FALSE
ABC1_LUNG	ABC-1	EFO:1001760	aneurysmal bone cyst	EFO:0002813	ABC-1	Unrelated	FALSE	FALSE	FALSE	FALSE	FALSE
ACHN_KIDNEY	ACHN	EFO:0002108	ACHN	EFO:0002108	ACHN	Same	FALSE	FALSE	FALSE	FALSE	FALSE
AGS_STOMACH	AGS	EFO:0002109	AGS	EFO:0002109	AGS	Same	FALSE	FALSE	FALSE	FALSE	FALSE
AMO1_HAEMATOPOIETIC_AND_LYMPHOID_TISSUE	AMO-1	MONDO:0014968	encephalopathy, progressive, with amyotrophy and optic atrophy	EFO:0006534	AMO-1	Unrelated	FALSE	FALSE	FALSE	FALSE	FALSE
ASPC1_PANCREAS	AsPC-1	EFO:0002112	AsPC1	EFO:0002112	AsPC1	Same	FALSE	FALSE	FALSE	FALSE	FALSE
AU565_BREAST	AU565	EFO:0001087	AU565	EFO:0001087	AU565	Same	FALSE	FALSE	FALSE	FALSE	FALSE
AZ521_SMALL_INTESTINE	AZ-521	EFO:0002814	AZ-521	EFO:0002814	AZ-521	Same	FALSE	FALSE	FALSE	FALSE	FALSE
BEN_LUNG	BEN	EFO:0006537	BEN	EFO:0006537	BEN	Same	FALSE	FALSE	FALSE	FALSE	FALSE
BFTC905_URINARY_TRACT	BFTC-905	EFO:0002115	BFTC905	EFO:0002115	BFTC905	Same	FALSE	FALSE	FALSE	FALSE	FALSE
BFTC909_KIDNEY	BFTC-909	EFO:0006538	BFTC-909	EFO:0006538	BFTC-909	Same	FALSE	FALSE	FALSE	FALSE	FALSE
BHT101_THYROID	BHT-101	EFO:0002116	BHT101	EFO:0002116	BHT101	Same	FALSE	FALSE	FALSE	FALSE	FALSE
BHY_UPPER_AERODIGESTIVE_TRACT	BHY	EFO:0006539	BHY	EFO:0006539	BHY	Same	FALSE	FALSE	FALSE	FALSE	FALSE
BICR22_UPPER_AERODIGESTIVE_TRACT	BICR 22	EFO:0006541	BICR 22	EFO:0006541	BICR 22	Same	FALSE	FALSE	FALSE	FALSE	FALSE
BICR31_UPPER_AERODIGESTIVE_TRACT	BICR 31	EFO:0006542	BICR 31	EFO:0006542	BICR 31	Same	FALSE	FALSE	FALSE	FALSE	FALSE
BT20_BREAST	BT-20	EFO:0001092	BT20	EFO:0001092	BT20	Same	FALSE	FALSE	FALSE	FALSE	FALSE
BT474_BREAST	BT-474	EFO:0001093	BT474	EFO:0001093	BT474	Same	FALSE	FALSE	FALSE	FALSE	FALSE
BT483_BREAST	BT-483	EFO:0001095	BT483	EFO:0001095	BT483	Same	FALSE	FALSE	FALSE	FALSE	FALSE
BT549_BREAST	BT-549	EFO:0001096	BT549	EFO:0001096	BT549	Same	FALSE	FALSE	FALSE	FALSE	FALSE
BV173_HAEMATOPOIETIC_AND_LYMPHOID_TISSUE	BV-173	EFO:0002118	BV173	EFO:0002118	BV173	Same	FALSE	FALSE	FALSE	FALSE	FALSE
BXPC3_PANCREAS	BxPC-3	EFO:0002709	BxPC-3	EFO:0002709	BxPC-3	Same	FALSE	FALSE	FALSE	FALSE	FALSE
C2BBE1_LARGE_INTESTINE	C2BBe1	EFO:0006546	C2BBe1	EFO:0006546	C2BBe1	Same	FALSE	FALSE	FALSE	FALSE	FALSE
C32_SKIN	C32	EFO:0006364	C32	EFO:0006364	C32	Same	FALSE	FALSE	FALSE	FALSE	FALSE
C3A_LIVER	C3A	EFO:0002121	C3A	EFO:0002121	C3A	Same	FALSE	FALSE	FALSE	FALSE	FALSE
CA46_HAEMATOPOIETIC_AND_LYMPHOID_TISSUE	CA46	EFO:0002124	CA46	EFO:0002124	CA46	Same	FALSE	FALSE	FALSE	FALSE	FALSE
CACO2	CACO2	EFO:0001099	Caco-2	EFO:0001099	Caco-2	Same	FALSE	FALSE	FALSE	FALSE	FALSE
CADOES1_BONE	CADO-ES1	EFO:0002818	CADO ES1	EFO:0002818	CADO ES1	Same	FALSE	FALSE	FALSE	FALSE	FALSE
CAKI1_KIDNEY	Caki-1	MONDO:0002492	acute kidney failure	EFO:0002149	Caki1	Unrelated	FALSE	FALSE	FALSE	FALSE	FALSE
CAKI2_KIDNEY	Caki-2	MONDO:0002492	acute kidney failure	EFO:0002150	Caki2	Unrelated	FALSE	FALSE	FALSE	FALSE	FALSE
CAL120_BREAST	CAL-120	EFO:0005356	CAL120	EFO:0005356	CAL120	Same	FALSE	FALSE	FALSE	FALSE	FALSE
CAL12T_LUNG	CAL-12T	EFO:0006547	CAL-12T	EFO:0006547	CAL-12T	Same	FALSE	FALSE	FALSE	FALSE	FALSE
CAL148_BREAST	CAL-148	EFO:0005357	CAL148	EFO:0005357	CAL148	Same	FALSE	FALSE	FALSE	FALSE	FALSE
CAL27_UPPER_AERODIGESTIVE_TRACT	CAL 27	EFO:0006366	CAL 27	EFO:0006366	CAL 27	Same	FALSE	FALSE	FALSE	FALSE	FALSE
CAL51_BREAST	CAL-51	MONDO:0013500	immunodeficiency 51	EFO:0005358	CAL51	Unrelated	FALSE	FALSE	FALSE	FALSE	FALSE
CAL54_KIDNEY	CAL-54	EFO:0002125	CAL54	EFO:0002125	CAL54	Same	FALSE	FALSE	FALSE	FALSE	FALSE
CAL62_THYROID	CAL-62	EFO:0002126	CAL62	EFO:0002126	CAL62	Same	FALSE	FALSE	FALSE	FALSE	FALSE
CAL851_BREAST	CAL-85-1	EFO:0006366	CAL 27	EFO:0005359	CAL851	Sibling	FALSE	FALSE	FALSE	FALSE	FALSE
CALU1_LUNG	Calu-1	EFO:0002151	Calu1	EFO:0002151	Calu1	Same	FALSE	FALSE	FALSE	FALSE	FALSE
CALU3_LUNG	Calu-3	EFO:0002151	Calu1	EFO:0002819	Calu3	Sibling	FALSE	FALSE	FALSE	FALSE	FALSE
CALU6_LUNG	Calu-6	EFO:0002151	Calu1	EFO:0002152	Calu6	Sibling	FALSE	FALSE	FALSE	FALSE	FALSE
CAMA1_BREAST	CAMA-1	EFO:0001100	CAMA1	EFO:0001100	CAMA1	Same	FALSE	FALSE	FALSE	FALSE	FALSE
CAOV3_OVARY	Caov-3	EFO:0002148	CaOv3	EFO:0002148	CaOv3	Same	FALSE	FALSE	FALSE	FALSE	FALSE
CAPAN1_PANCREAS	Capan-1	EFO:0002153	Capan1	EFO:0002153	Capan1	Same	FALSE	FALSE	FALSE	FALSE	FALSE
CAPAN2_PANCREAS	Capan-2	EFO:0002153	Capan1	EFO:0002154	Capan2	Sibling	FALSE	FALSE	FALSE	FALSE	FALSE
CCFSTTG1_CENTRAL_NERVOUS_SYSTEM	CCF-STTG1	EFO:0002127	CCFSTTG1	EFO:0002127	CCFSTTG1	Same	FALSE	FALSE	FALSE	FALSE	FALSE
CFPAC1_PANCREAS	CFPAC-1	EFO:0006551	CFPAC-1	EFO:0006551	CFPAC-1	Same	FALSE	FALSE	FALSE	FALSE	FALSE
CGTHW1_THYROID	CGTH-W-1	EFO:0002131	CGTHW1	EFO:0002131	CGTHW1	Same	FALSE	FALSE	FALSE	FALSE	FALSE
CHAGOK1_LUNG	ChaGo-K-1	EFO:0007174	blastomycosis	EFO:0002155	ChaGoK1	Unrelated	FALSE	FALSE	FALSE	FALSE	FALSE
CHL1_SKIN	CHL-1	MONDO:0019557	chilblain lupus	EFO:0002132	CHL1	Unrelated	FALSE	FALSE	FALSE	FALSE	FALSE
CHP212_AUTONOMIC_GANGLIA	CHP-212	EFO:0002133	CHP212	EFO:0002133	CHP212	Same	FALSE	FALSE	FALSE	FALSE	FALSE
CI1_HAEMATOPOIETIC_AND_LYMPHOID_TISSUE	CI-1	EFO:0000370	chemically induced mutation	EFO:0006367	CI-1	Unrelated	FALSE	FALSE	FALSE	FALSE	FALSE
CL11_LARGE_INTESTINE	CL-11	EFO:0009284	chloride measurement	EFO:0006368	CL-11	Unrelated	FALSE	FALSE	FALSE	FALSE	FALSE
CL34_LARGE_INTESTINE	CL-34	EFO:0009284	chloride measurement	EFO:0006369	CL-34	Unrelated	FALSE	FALSE	FALSE	FALSE	FALSE
CL40_LARGE_INTESTINE	CL-40	EFO:0009284	chloride measurement	EFO:0006370	CL-40	Unrelated	FALSE	FALSE	FALSE	FALSE	FALSE
CMK_HAEMATOPOIETIC_AND_LYMPHOID_TISSUE	CMK	EFO:0003037	CMK	EFO:0003037	CMK	Same	FALSE	FALSE	FALSE	FALSE	FALSE
CMLT1_HAEMATOPOIETIC_AND_LYMPHOID_TISSUE	CML-T1	EFO:0000339	chronic myelogenous leukemia	EFO:0002134	CMLT1	Unrelated	FALSE	FALSE	FALSE	FALSE	FALSE
COLO678_LARGE_INTESTINE	COLO-678	EFO:0006371	COLO 678	EFO:0006371	COLO 678	Same	FALSE	FALSE	FALSE	FALSE	FALSE
COLO679_SKIN	COLO-679	EFO:0006372	COLO 679	EFO:0006372	COLO 679	Same	FALSE	FALSE	FALSE	FALSE	FALSE
COLO680N_OESOPHAGUS	COLO-680N	EFO:0006373	COLO 680N	EFO:0006373	COLO 680N	Same	FALSE	FALSE	FALSE	FALSE	FALSE
COLO699_LUNG	COLO-699	EFO:0006374	COLO 699	EFO:0006374	COLO 699	Same	FALSE	FALSE	FALSE	FALSE	FALSE
COLO704_OVARY	COLO-704	EFO:0002139	COLO704	EFO:0002139	COLO704	Same	FALSE	FALSE	FALSE	FALSE	FALSE
COLO741_SKIN	COLO 741	EFO:0006375	COLO 741	EFO:0006375	COLO 741	Same	FALSE	FALSE	FALSE	FALSE	FALSE
COLO783_SKIN	COLO-783	EFO:0006376	COLO 783	EFO:0006376	COLO 783	Same	FALSE	FALSE	FALSE	FALSE	FALSE
COLO792_SKIN	COLO 792	EFO:0006377	COLO 792	EFO:0006377	COLO 792	Same	FALSE	FALSE	FALSE	FALSE	FALSE
COLO800_SKIN	COLO-800	EFO:0006378	COLO 800	EFO:0006378	COLO 800	Same	FALSE	FALSE	FALSE	FALSE	FALSE
COLO849_SKIN	COLO-849	EFO:0006379	COLO 849	EFO:0006379	COLO 849	Same	FALSE	FALSE	FALSE	FALSE	FALSE
CORL105_LUNG	COR-L105	EFO:0002141	CORL105	EFO:0002141	CORL105	Same	FALSE	FALSE	FALSE	FALSE	FALSE
CORL23_LUNG	COR-L23	EFO:0002142	CORL23	EFO:0002142	CORL23	Same	FALSE	FALSE	FALSE	FALSE	FALSE
CORL279_LUNG	COR-L279	EFO:0002143	CORL279	EFO:0002143	CORL279	Same	FALSE	FALSE	FALSE	FALSE	FALSE
CORL47_LUNG	COR-L47	EFO:0006556	COR-L47	EFO:0006556	COR-L47	Same	FALSE	FALSE	FALSE	FALSE	FALSE
CORL88_LUNG	COR-L88	EFO:0002144	CORL88	EFO:0002144	CORL88	Same	FALSE	FALSE	FALSE	FALSE	FALSE
COV318_OVARY	COV318	EFO:0006382	COV318	EFO:0006382	COV318	Same	FALSE	FALSE	FALSE	FALSE	FALSE
COV362_OVARY	COV362	EFO:0006383	COV362	EFO:0006383	COV362	Same	FALSE	FALSE	FALSE	FALSE	FALSE
COV434_OVARY	COV434	EFO:0006384	COV434	EFO:0006384	COV434	Same	FALSE	FALSE	FALSE	FALSE	FALSE
COV504_OVARY	COV504	EFO:0006385	COV504	EFO:0006385	COV504	Same	FALSE	FALSE	FALSE	FALSE	FALSE
COV644_OVARY	COV644	EFO:0006386	COV644	EFO:0006386	COV644	Same	FALSE	FALSE	FALSE	FALSE	FALSE
CPCN_LUNG	CPC-N	EFO:0006559	CPC-N	EFO:0006559	CPC-N	Same	FALSE	FALSE	FALSE	FALSE	FALSE
CW2_LARGE_INTESTINE	CW-2	EFO:0006560	CW-2	EFO:0006560	CW-2	Same	FALSE	FALSE	FALSE	FALSE	FALSE
DANG_PANCREAS	DAN-G	EFO:1001333	Glycogen Storage Disease Type 2b	EFO:0006562	DAN-G	Unrelated	FALSE	FALSE	FALSE	FALSE	FALSE
DAOY_CENTRAL_NERVOUS_SYSTEM	Daoy	EFO:0005698	Daoy	EFO:0005698	Daoy	Same	FALSE	FALSE	FALSE	FALSE	FALSE
DAUDI_HAEMATOPOIETIC_AND_LYMPHOID_TISSUE	Daudi	EFO:0002169	Daudi	EFO:0002169	Daudi	Same	FALSE	FALSE	FALSE	FALSE	FALSE
DBTRG05MG_CENTRAL_NERVOUS_SYSTEM	DBTRG-05MG	EFO:0002159	DBTRG05MG	EFO:0002159	DBTRG05MG	Same	FALSE	FALSE	FALSE	FALSE	FALSE
DB_HAEMATOPOIETIC_AND_LYMPHOID_TISSUE	DB	EFO:0002158	DB	EFO:0002158	DB	Same	FALSE	FALSE	FALSE	FALSE	FALSE
DKMG_CENTRAL_NERVOUS_SYSTEM	DK-MG	MONDO:0009121	von Voss-Cherstvoy syndrome	EFO:0002161	DKMG	Unrelated	FALSE	FALSE	FALSE	FALSE	FALSE
DLD1_LARGE_INTESTINE	DLD-1	MONDO:0009529	pyruvate dehydrogenase E3 deficiency	EFO:0006389	DLD1	Unrelated	FALSE	FALSE	FALSE	FALSE	FALSE
DMS114_LUNG	DMS 114	EFO:0002162	DMS114	EFO:0002162	DMS114	Same	FALSE	FALSE	FALSE	FALSE	FALSE
DMS454_LUNG	DMS 454	EFO:0006390	DMS 454	EFO:0006390	DMS 454	Same	FALSE	FALSE	FALSE	FALSE	FALSE
DND41_HAEMATOPOIETIC_AND_LYMPHOID_TISSUE	DND-41	EFO:0007074	DND-41	EFO:0007074	DND-41	Same	FALSE	FALSE	FALSE	FALSE	FALSE
DOHH2_HAEMATOPOIETIC_AND_LYMPHOID_TISSUE	DOHH-2	EFO:0002167	DOHH2	EFO:0002167	DOHH2	Same	FALSE	FALSE	FALSE	FALSE	FALSE
DU145_PROSTATE	DU 145	EFO:0005441	DU 145	EFO:0005441	DU 145	Same	FALSE	FALSE	FALSE	FALSE	FALSE
DU4475_BREAST	DU4475	EFO:0002168	DU4475	EFO:0002168	DU4475	Same	FALSE	FALSE	FALSE	FALSE	FALSE
DV90_LUNG	DV-90	EFO:0006565	DV-90	EFO:0006565	DV-90	Same	FALSE	FALSE	FALSE	FALSE	FALSE
EB1_HAEMATOPOIETIC_AND_LYMPHOID_TISSUE	EB1	EFO:0002172	EB1	EFO:0002172	EB1	Same	FALSE	FALSE	FALSE	FALSE	FALSE
EB2_HAEMATOPOIETIC_AND_LYMPHOID_TISSUE	EB2	EFO:0002173	EB2	EFO:0002173	EB2	Same	FALSE	FALSE	FALSE	FALSE	FALSE
EBC1_LUNG	EBC-1	EFO:0003115	EBC-1	EFO:0003115	EBC-1	Same	FALSE	FALSE	FALSE	FALSE	FALSE
EFM192A_BREAST	EFM-192A	EFO:0006568	EFM-192A	EFO:0006568	EFM-192A	Same	FALSE	FALSE	FALSE	FALSE	FALSE
EFM19_BREAST	EFM-19	EFO:0022450	HB1119 cell	EFO:0002175	EFM19	Sibling	FALSE	FALSE	FALSE	FALSE	FALSE
EFO27_OVARY	EFO-27	EFO:0006366	CAL 27	EFO:0006571	EFO-27	Sibling	FALSE	FALSE	FALSE	FALSE	FALSE
EJM_HAEMATOPOIETIC_AND_LYMPHOID_TISSUE	EJM	MONDO:0009696	juvenile myoclonic epilepsy	EFO:0006572	EJM	Unrelated	FALSE	FALSE	FALSE	FALSE	FALSE
EKVX_LUNG	EKVX	EFO:0006786	EKVX	EFO:0006786	EKVX	Same	FALSE	FALSE	FALSE	FALSE	FALSE
EM2_HAEMATOPOIETIC_AND_LYMPHOID_TISSUE	EM-2	MONDO:0016022	early myoclonic encephalopathy	EFO:0002176	EM2	Unrelated	FALSE	FALSE	FALSE	FALSE	FALSE
EPLC272H_LUNG	EPLC-272H	EFO:0006573	EPLC-272H	EFO:0006573	EPLC-272H	Same	FALSE	FALSE	FALSE	FALSE	FALSE
ES2_OVARY	ES-2	EFO:0000174	Ewing sarcoma	EFO:0002177	ES2	Unrelated	FALSE	FALSE	FALSE	FALSE	FALSE
EVSAT_BREAST	EVSA-T	EFO:0006574	EVSA-T	EFO:0006574	EVSA-T	Same	FALSE	FALSE	FALSE	FALSE	FALSE
FADU_UPPER_AERODIGESTIVE_TRACT	FaDu	EFO:0002178	FaDu	EFO:0002178	FaDu	Same	FALSE	FALSE	FALSE	FALSE	FALSE
FU97_STOMACH	FU97	EFO:0002054	Fu97	EFO:0002054	Fu97	Same	FALSE	FALSE	FALSE	FALSE	FALSE
G361_SKIN	G-361	EFO:0006394	G-361	EFO:0006394	G-361	Same	FALSE	FALSE	FALSE	FALSE	FALSE
G401_SOFT_TISSUE	G-401	EFO:0002179	G401	EFO:0002179	G401	Same	FALSE	FALSE	FALSE	FALSE	FALSE
G402_SOFT_TISSUE	G-402	EFO:0002180	G402	EFO:0002180	G402	Same	FALSE	FALSE	FALSE	FALSE	FALSE
GA10_HAEMATOPOIETIC_AND_LYMPHOID_TISSUE	GA-10	EFO:0022395	C57BL/10J	EFO:0002181	GA10	Unrelated	FALSE	FALSE	FALSE	FALSE	FALSE
GCT_SOFT_TISSUE	GCT	EFO:0002182	GCT	EFO:0002182	GCT	Same	FALSE	FALSE	FALSE	FALSE	FALSE
GDM1_HAEMATOPOIETIC_AND_LYMPHOID_TISSUE	GDM-1	EFO:0002183	GDM1	EFO:0002183	GDM1	Same	FALSE	FALSE	FALSE	FALSE	FALSE
GP2D_LARGE_INTESTINE	GP2d	EFO:0006575	GP2d	EFO:0006575	GP2d	Same	FALSE	FALSE	FALSE	FALSE	FALSE
GRANTA519_HAEMATOPOIETIC_AND_LYMPHOID_TISSUE	GRANTA-519	EFO:0005369	Granta-519	EFO:0005369	Granta-519	Same	FALSE	FALSE	FALSE	FALSE	FALSE
GRM_SKIN	GR-M	EFO:0004926	M stage	EFO:0006577	GR-M	Unrelated	FALSE	FALSE	FALSE	FALSE	FALSE
H4_CENTRAL_NERVOUS_SYSTEM	H4	EFO:0002184	H4	EFO:0002184	H4	Same	FALSE	FALSE	FALSE	FALSE	FALSE
HCC1143_BREAST	HCC1143	EFO:0001169	HCC1143	EFO:0001169	HCC1143	Same	FALSE	FALSE	FALSE	FALSE	FALSE
HCC1171_LUNG	HCC-1171	EFO:0003126	HCC1171	EFO:0003126	HCC1171	Same	FALSE	FALSE	FALSE	FALSE	FALSE
HCC1187_BREAST	HCC1187	EFO:0001170	HCC1187	EFO:0001170	HCC1187	Same	FALSE	FALSE	FALSE	FALSE	FALSE
HCC1195_LUNG	HCC-1195	EFO:0005371	HCC1195	EFO:0005371	HCC1195	Same	FALSE	FALSE	FALSE	FALSE	FALSE
HCC1359_LUNG	HCC-1359	EFO:0003128	HCC1359	EFO:0003128	HCC1359	Same	FALSE	FALSE	FALSE	FALSE	FALSE
HCC1395_BREAST	HCC1395	EFO:0002185	HCC1395	EFO:0002185	HCC1395	Same	FALSE	FALSE	FALSE	FALSE	FALSE
HCC1419_BREAST	HCC1419	EFO:0005372	HCC1419	EFO:0005372	HCC1419	Same	FALSE	FALSE	FALSE	FALSE	FALSE
HCC1428_BREAST	HCC1428	EFO:0001171	HCC1428	EFO:0001171	HCC1428	Same	FALSE	FALSE	FALSE	FALSE	FALSE
HCC1500_BREAST	HCC1500	EFO:0001172	HCC1500	EFO:0001172	HCC1500	Same	FALSE	FALSE	FALSE	FALSE	FALSE
HCC1569_BREAST	HCC1569	EFO:0001173	HCC1569	EFO:0001173	HCC1569	Same	FALSE	FALSE	FALSE	FALSE	FALSE
HCC1599_BREAST	HCC1599	EFO:0002186	HCC1599	EFO:0002186	HCC1599	Same	FALSE	FALSE	FALSE	FALSE	FALSE
HCC15_LUNG	HCC-15	EFO:0000182	hepatocellular carcinoma	EFO:0003129	HCC15	Unrelated	FALSE	FALSE	FALSE	FALSE	FALSE
HCC1806_BREAST	HCC1806	EFO:0005373	HCC1806	EFO:0005373	HCC1806	Same	FALSE	FALSE	FALSE	FALSE	FALSE
HCC1937_BREAST	HCC1937	EFO:0001174	HCC1937	EFO:0001174	HCC1937	Same	FALSE	FALSE	FALSE	FALSE	FALSE
HCC1954_BREAST	HCC1954	EFO:0001175	HCC1954	EFO:0001175	HCC1954	Same	FALSE	FALSE	FALSE	FALSE	FALSE
HCC202_BREAST	HCC202	EFO:0001176	HCC202	EFO:0001176	HCC202	Same	FALSE	FALSE	FALSE	FALSE	FALSE
HCC2157_BREAST	HCC2157	EFO:0001177	HCC2157	EFO:0001177	HCC2157	Same	FALSE	FALSE	FALSE	FALSE	FALSE
HCC2218_BREAST	HCC2218	EFO:0002187	HCC2218	EFO:0002187	HCC2218	Same	FALSE	FALSE	FALSE	FALSE	FALSE
HCC2279_LUNG	HCC-2279	EFO:0006431	HCC2279	EFO:0006431	HCC2279	Same	FALSE	FALSE	FALSE	FALSE	FALSE
HCC2935_LUNG	HCC2935	EFO:0005375	HCC2935	EFO:0005375	HCC2935	Same	FALSE	FALSE	FALSE	FALSE	FALSE
HCC33_LUNG	HCC-33	EFO:0000182	hepatocellular carcinoma	EFO:0006417	HCC0033	Unrelated	FALSE	FALSE	FALSE	FALSE	FALSE
HCC364_LUNG	HCC364	EFO:0006420	HCC0364	EFO:0006420	HCC0364	Same	FALSE	FALSE	FALSE	FALSE	FALSE
HCC366_LUNG	HCC-366	EFO:0003131	HCC366	EFO:0003131	HCC366	Same	FALSE	FALSE	FALSE	FALSE	FALSE
HCC38_BREAST	HCC38	EFO:0001180	HCC38	EFO:0001180	HCC38	Same	FALSE	FALSE	FALSE	FALSE	FALSE
HCC4006_LUNG	HCC4006	EFO:0003132	HCC4006	EFO:0003132	HCC4006	Same	FALSE	FALSE	FALSE	FALSE	FALSE
HCC44_LUNG	HCC-44	EFO:0000182	hepatocellular carcinoma	EFO:0003133	HCC44	Unrelated	FALSE	FALSE	FALSE	FALSE	FALSE
HCC70_BREAST	HCC70	EFO:0001181	HCC70	EFO:0001181	HCC70	Same	FALSE	FALSE	FALSE	FALSE	FALSE
HCC78_LUNG	HCC-78	EFO:0000182	hepatocellular carcinoma	EFO:0003136	HCC78	Unrelated	FALSE	FALSE	FALSE	FALSE	FALSE
HCC827_LUNG	HCC827	EFO:0003137	HCC827	EFO:0003137	HCC827	Same	FALSE	FALSE	FALSE	FALSE	FALSE
HCC95_LUNG	HCC-95	EFO:0000182	hepatocellular carcinoma	EFO:0003138	HCC95	Unrelated	FALSE	FALSE	FALSE	FALSE	FALSE
HCT15_LARGE_INTESTINE	HCT-15	EFO:0002188	HCT15	EFO:0002188	HCT15	Same	FALSE	FALSE	FALSE	FALSE	FALSE
HCT8_LARGE_INTESTINE	HCT-8	EFO:0002189	HCT8	EFO:0002189	HCT8	Same	FALSE	FALSE	FALSE	FALSE	FALSE
HDMYZ_HAEMATOPOIETIC_AND_LYMPHOID_TISSUE	HD-MY-Z	MONDO:0007739	Huntington disease	EFO:0002190	HDMYZ	Unrelated	FALSE	FALSE	FALSE	FALSE	FALSE
HEC1A_ENDOMETRIUM	HEC-1-A	EFO:0001327	A/J	EFO:0002191	HEC1A	Unrelated	FALSE	FALSE	FALSE	FALSE	FALSE
HEC1B_ENDOMETRIUM	HEC-1-B	MONDO:0020491	subcortical band heterotopia	EFO:0002192	HEC1B	Unrelated	FALSE	FALSE	FALSE	FALSE	FALSE
HGC27_STOMACH	HGC-27	EFO:0006581	HGC-27	EFO:0006581	HGC-27	Same	FALSE	FALSE	FALSE	FALSE	FALSE
HH_HAEMATOPOIETIC_AND_LYMPHOID_TISSUE	HH	EFO:0002194	HH	EFO:0002194	HH	Same	FALSE	FALSE	FALSE	FALSE	FALSE
HMCB_SKIN	HMCB	EFO:0002195	HMCB	EFO:0002195	HMCB	Same	FALSE	FALSE	FALSE	FALSE	FALSE
HNT34	HNT34	EFO:0022400	NT2-N cell	EFO:0006583	HNT-34	Sibling	FALSE	FALSE	FALSE	FALSE	FALSE
HOP62_LUNG	HOP-62	EFO:0006439	HOP62	EFO:0006439	HOP62	Same	FALSE	FALSE	FALSE	FALSE	FALSE
HOP92_LUNG	HOP-92	EFO:0006440	HOP92	EFO:0006440	HOP92	Same	FALSE	FALSE	FALSE	FALSE	FALSE
HOS_BONE	HOS	MONDO:0007732	Holt-Oram syndrome	EFO:0002196	HOS	Unrelated	FALSE	FALSE	FALSE	FALSE	FALSE
HPAC_PANCREAS	HPAC	EFO:0002197	HPAC	EFO:0002197	HPAC	Same	FALSE	FALSE	FALSE	FALSE	FALSE
HS255T_FIBROBLAST	Hs 255.T	EFO:0006584	Hs 255.T	EFO:0006584	Hs 255.T	Same	FALSE	FALSE	FALSE	FALSE	FALSE
HS294T_SKIN	Hs 294T	EFO:0006585	Hs 294T	EFO:0006585	Hs 294T	Same	FALSE	FALSE	FALSE	FALSE	FALSE
HS675T_FIBROBLAST	Hs 675.T	EFO:0006587	Hs 675.T	EFO:0006587	Hs 675.T	Same	FALSE	FALSE	FALSE	FALSE	FALSE
HS683_CENTRAL_NERVOUS_SYSTEM	Hs 683	EFO:0006441	Hs 683	EFO:0006441	Hs 683	Same	FALSE	FALSE	FALSE	FALSE	FALSE
HS695T_SKIN	Hs 695T	EFO:0006588	Hs 695T	EFO:0006588	Hs 695T	Same	FALSE	FALSE	FALSE	FALSE	FALSE
HS746T_STOMACH	Hs 746T	EFO:0006589	Hs 746T	EFO:0006589	Hs 746T	Same	FALSE	FALSE	FALSE	FALSE	FALSE
HS766T_PANCREAS	Hs 766T	EFO:0006590	Hs 766T	EFO:0006590	Hs 766T	Same	FALSE	FALSE	FALSE	FALSE	FALSE
HS839T_FIBROBLAST	Hs 839.T	EFO:0006591	Hs 839.T	EFO:0006591	Hs 839.T	Same	FALSE	FALSE	FALSE	FALSE	FALSE
HS852T_SKIN	Hs 852.T	EFO:0006592	Hs 852.T	EFO:0006592	Hs 852.T	Same	FALSE	FALSE	FALSE	FALSE	FALSE
HS895T_FIBROBLAST	Hs 895.T	EFO:0006593	Hs 895.T	EFO:0006593	Hs 895.T	Same	FALSE	FALSE	FALSE	FALSE	FALSE
HS936T_SKIN	Hs 936.T	EFO:0006594	Hs 936.T	EFO:0006594	Hs 936.T	Same	FALSE	FALSE	FALSE	FALSE	FALSE
HS940T_FIBROBLAST	Hs 940.T	EFO:0006595	Hs 940.T	EFO:0006595	Hs 940.T	Same	FALSE	FALSE	FALSE	FALSE	FALSE
HT1080_SOFT_TISSUE	HT-1080	EFO:0002059	HT1080	EFO:0002059	HT1080	Same	FALSE	FALSE	FALSE	FALSE	FALSE
HT115_LARGE_INTESTINE	HT115	EFO:0006442	HT115	EFO:0006442	HT115	Same	FALSE	FALSE	FALSE	FALSE	FALSE
HT1197_URINARY_TRACT	HT-1197	EFO:0002202	HT1197	EFO:0002202	HT1197	Same	FALSE	FALSE	FALSE	FALSE	FALSE
HT1376_URINARY_TRACT	HT-1376	EFO:0002203	HT1376	EFO:0002203	HT1376	Same	FALSE	FALSE	FALSE	FALSE	FALSE
HT144_SKIN	HT-144	EFO:0006443	HT144	EFO:0006443	HT144	Same	FALSE	FALSE	FALSE	FALSE	FALSE
HT29_LARGE_INTESTINE	HT-29	EFO:0002200	HT	EFO:0001193	HT-29	Unrelated	FALSE	FALSE	FALSE	FALSE	FALSE
HT55_LARGE_INTESTINE	HT55	EFO:0006444	HT55	EFO:0006444	HT55	Same	FALSE	FALSE	FALSE	FALSE	FALSE
HT_HAEMATOPOIETIC_AND_LYMPHOID_TISSUE	HT	EFO:0004348	hematocrit	EFO:0002200	HT	Unrelated	FALSE	FALSE	FALSE	FALSE	FALSE
HUH1_LIVER	huH-1	EFO:0005384	HuH-7	EFO:0006445	huH-1	Sibling	FALSE	FALSE	FALSE	FALSE	FALSE
HUNS1_HAEMATOPOIETIC_AND_LYMPHOID_TISSUE	HuNS1	EFO:0002207	HuNS1	EFO:0002207	HuNS1	Same	FALSE	FALSE	FALSE	FALSE	FALSE
HUPT3_PANCREAS	HUP-T3	EFO:0009778	tri-iodothyronine measurement	EFO:0006596	HuP-T3	Unrelated	FALSE	FALSE	FALSE	FALSE	FALSE
HUPT4_PANCREAS	HUP-T4	EFO:0002208	HuPT4	EFO:0002208	HuPT4	Same	FALSE	FALSE	FALSE	FALSE	FALSE
IGR37_SKIN	IGR-37	EFO:0006597	IGR-37	EFO:0006597	IGR-37	Same	FALSE	FALSE	FALSE	FALSE	FALSE
IGROV1_OVARY	IGROV1	EFO:0005385	IGROV-1	EFO:0005385	IGROV-1	Same	FALSE	FALSE	FALSE	FALSE	FALSE
IM95_STOMACH	IM95	EFO:0006446	IM-95	EFO:0006446	IM-95	Same	FALSE	FALSE	FALSE	FALSE	FALSE
IMR32_AUTONOMIC_GANGLIA	IMR-32	EFO:0001195	IMR-32	EFO:0001195	IMR-32	Same	FALSE	FALSE	FALSE	FALSE	FALSE
IPC298_SKIN	IPC-298	EFO:0006447	IPC-298	EFO:0006447	IPC-298	Same	FALSE	FALSE	FALSE	FALSE	FALSE
J82_URINARY_TRACT	J82	EFO:0002210	J82	EFO:0002210	J82	Same	FALSE	FALSE	FALSE	FALSE	FALSE
JEKO1_HAEMATOPOIETIC_AND_LYMPHOID_TISSUE	JeKo-1	EFO:0005387	JeKo-1	EFO:0005387	JeKo-1	Same	FALSE	FALSE	FALSE	FALSE	FALSE
JHH1_LIVER	JHH-1	MONDO:0019257	hemochromatosis type 2	EFO:0006599	JHH-1	Unrelated	FALSE	FALSE	FALSE	FALSE	FALSE
JHH2_LIVER	JHH-2	MONDO:0019257	hemochromatosis type 2	EFO:0006600	JHH-2	Unrelated	FALSE	FALSE	FALSE	FALSE	FALSE
JHH4_LIVER	JHH-4	MONDO:0019257	hemochromatosis type 2	EFO:0006601	JHH-4	Unrelated	FALSE	FALSE	FALSE	FALSE	FALSE
JHH5_LIVER	JHH-5	MONDO:0019257	hemochromatosis type 2	EFO:0006602	JHH-5	Unrelated	FALSE	FALSE	FALSE	FALSE	FALSE
JHH7_LIVER	JHH-7	MONDO:0019257	hemochromatosis type 2	EFO:0006603	JHH-7	Unrelated	FALSE	FALSE	FALSE	FALSE	FALSE
JIMT1_BREAST	JIMT-1	EFO:0005388	JIMT-1	EFO:0005388	JIMT-1	Same	FALSE	FALSE	FALSE	FALSE	FALSE
JJN3_HAEMATOPOIETIC_AND_LYMPHOID_TISSUE	JJN-3	EFO:0006605	JJN-3	EFO:0006605	JJN-3	Same	FALSE	FALSE	FALSE	FALSE	FALSE
JL1_PLEURA	JL-1	EFO:0006448	JL-1	EFO:0006448	JL-1	Same	FALSE	FALSE	FALSE	FALSE	FALSE
JM1_HAEMATOPOIETIC_AND_LYMPHOID_TISSUE	JM1	EFO:0002212	JM1	EFO:0002212	JM1	Same	FALSE	FALSE	FALSE	FALSE	FALSE
JRT3T35	JRT3T35	EFO:0002213	JRT3T35	EFO:0002213	JRT3T35	Same	FALSE	FALSE	FALSE	FALSE	FALSE
JVM2_HAEMATOPOIETIC_AND_LYMPHOID_TISSUE	JVM-2	EFO:0002214	JVM3	EFO:0005476	JVM-2	Sibling	FALSE	FALSE	FALSE	FALSE	FALSE
JVM3_HAEMATOPOIETIC_AND_LYMPHOID_TISSUE	JVM-3	EFO:0002214	JVM3	EFO:0002214	JVM3	Same	FALSE	FALSE	FALSE	FALSE	FALSE
KARPAS299_HAEMATOPOIETIC_AND_LYMPHOID_TISSUE	KARPAS-299	EFO:0005390	KARPAS 299	EFO:0005390	KARPAS 299	Same	FALSE	FALSE	FALSE	FALSE	FALSE
KARPAS422_HAEMATOPOIETIC_AND_LYMPHOID_TISSUE	KARPAS-422	EFO:0005719	Karpas 422	EFO:0005719	Karpas 422	Same	FALSE	FALSE	FALSE	FALSE	FALSE
KARPAS620_HAEMATOPOIETIC_AND_LYMPHOID_TISSUE	KARPAS-620	EFO:0006449	KARPAS-620	EFO:0006449	KARPAS-620	Same	FALSE	FALSE	FALSE	FALSE	FALSE
KASUMI1_HAEMATOPOIETIC_AND_LYMPHOID_TISSUE	KASUMI-1	EFO:0006607	Kasumi-1	EFO:0006607	Kasumi-1	Same	FALSE	FALSE	FALSE	FALSE	FALSE
KASUMI2_HAEMATOPOIETIC_AND_LYMPHOID_TISSUE	KASUMI-2	EFO:0006607	Kasumi-1	EFO:0002224	Kasumi2	Sibling	FALSE	FALSE	FALSE	FALSE	FALSE
KCIMOH1_PANCREAS	KCI-MOH1	EFO:0006608	KCI-MOH1	EFO:0006608	KCI-MOH1	Same	FALSE	FALSE	FALSE	FALSE	FALSE
KELLY_AUTONOMIC_GANGLIA	KELLY	EFO:0002069	KELLY	EFO:0002069	KELLY	Same	FALSE	FALSE	FALSE	FALSE	FALSE
KG1_HAEMATOPOIETIC_AND_LYMPHOID_TISSUE	KG-1	EFO:0002929	microgram per kilogram per day	EFO:0002218	KG1	Unrelated	FALSE	FALSE	FALSE	FALSE	FALSE
KHM1B_HAEMATOPOIETIC_AND_LYMPHOID_TISSUE	KHM-1B	EFO:0006609	KHM-1B	EFO:0006609	KHM-1B	Same	FALSE	FALSE	FALSE	FALSE	FALSE
KLE_ENDOMETRIUM	KLE	EFO:0002220	KLE	EFO:0002220	KLE	Same	FALSE	FALSE	FALSE	FALSE	FALSE
KLM1_PANCREAS	KLM-1	EFO:0006610	KLM-1	EFO:0006610	KLM-1	Same	FALSE	FALSE	FALSE	FALSE	FALSE
KM12_LARGE_INTESTINE	KM12	EFO:0006282	KM12	EFO:0006282	KM12	Same	FALSE	FALSE	FALSE	FALSE	FALSE
KMM1_HAEMATOPOIETIC_AND_LYMPHOID_TISSUE	KMM-1	EFO:0006611	KMM-1	EFO:0006611	KMM-1	Same	FALSE	FALSE	FALSE	FALSE	FALSE
KMS11_HAEMATOPOIETIC_AND_LYMPHOID_TISSUE	KMS-11	MONDO:0016512	Kabuki syndrome	EFO:0005694	KMS-11	Unrelated	FALSE	FALSE	FALSE	FALSE	FALSE
KMS12BM_HAEMATOPOIETIC_AND_LYMPHOID_TISSUE	KMS-12-BM	MONDO:0016512	Kabuki syndrome	EFO:0006612	KMS-12-BM	Unrelated	FALSE	FALSE	FALSE	FALSE	FALSE
KMS21BM_HAEMATOPOIETIC_AND_LYMPHOID_TISSUE	KMS-21BM	MONDO:0016512	Kabuki syndrome	EFO:0006614	KMS-21-BM	Unrelated	FALSE	FALSE	FALSE	FALSE	FALSE
KMS26_HAEMATOPOIETIC_AND_LYMPHOID_TISSUE	KMS-26	MONDO:0016512	Kabuki syndrome	EFO:0006615	KMS-26	Unrelated	FALSE	FALSE	FALSE	FALSE	FALSE
KMS27_HAEMATOPOIETIC_AND_LYMPHOID_TISSUE	KMS-27	MONDO:0016512	Kabuki syndrome	EFO:0006616	KMS-27	Unrelated	FALSE	FALSE	FALSE	FALSE	FALSE
KMS28BM_HAEMATOPOIETIC_AND_LYMPHOID_TISSUE	KMS-28BM	EFO:0006617	KMS-28BM	EFO:0006617	KMS-28BM	Same	FALSE	FALSE	FALSE	FALSE	FALSE
KMS34_HAEMATOPOIETIC_AND_LYMPHOID_TISSUE	KMS-34	MONDO:0016512	Kabuki syndrome	EFO:0006619	KMS-34	Unrelated	FALSE	FALSE	FALSE	FALSE	FALSE
KNS62_LUNG	KNS-62	EFO:0006620	KNS-62	EFO:0006620	KNS-62	Same	FALSE	FALSE	FALSE	FALSE	FALSE
KP2_PANCREAS	KP-2	MONDO:0021036	keratosis pilaris	EFO:0006621	KP-2	Unrelated	FALSE	FALSE	FALSE	FALSE	FALSE
KP3_PANCREAS	KP-3	MONDO:0021036	keratosis pilaris	EFO:0006622	KP-3	Unrelated	FALSE	FALSE	FALSE	FALSE	FALSE
KP4_PANCREAS	KP4	MONDO:0010212	xeroderma pigmentosum group D	EFO:0006623	KP-4	Unrelated	FALSE	FALSE	FALSE	FALSE	FALSE
KPL1_BREAST	KPL-1	EFO:0002221	KPL1	EFO:0002221	KPL1	Same	FALSE	FALSE	FALSE	FALSE	FALSE
KU812_HAEMATOPOIETIC_AND_LYMPHOID_TISSUE	KU812	EFO:0002222	KU812	EFO:0002222	KU812	Same	FALSE	FALSE	FALSE	FALSE	FALSE
KURAMOCHI_OVARY	KURAMOCHI	EFO:0006625	KURAMOCHI	EFO:0006625	KURAMOCHI	Same	FALSE	FALSE	FALSE	FALSE	FALSE
KYSE140_OESOPHAGUS	KYSE-140	EFO:0006626	KYSE-140	EFO:0006626	KYSE-140	Same	FALSE	FALSE	FALSE	FALSE	FALSE
KYSE150_OESOPHAGUS	KYSE-150	EFO:0006627	KYSE-150	EFO:0006627	KYSE-150	Same	FALSE	FALSE	FALSE	FALSE	FALSE
KYSE180_OESOPHAGUS	KYSE-180	EFO:0006628	KYSE-180	EFO:0006628	KYSE-180	Same	FALSE	FALSE	FALSE	FALSE	FALSE
KYSE270_OESOPHAGUS	KYSE-270	EFO:0006629	KYSE-270	EFO:0006629	KYSE-270	Same	FALSE	FALSE	FALSE	FALSE	FALSE
KYSE30_OESOPHAGUS	KYSE-30	EFO:0002223	KYSE30	EFO:0002223	KYSE30	Same	FALSE	FALSE	FALSE	FALSE	FALSE
KYSE450_OESOPHAGUS	KYSE-450	EFO:0006630	KYSE-450	EFO:0006630	KYSE-450	Same	FALSE	FALSE	FALSE	FALSE	FALSE
KYSE510_OESOPHAGUS	KYSE-510	EFO:0006631	KYSE-510	EFO:0006631	KYSE-510	Same	FALSE	FALSE	FALSE	FALSE	FALSE
KYSE520_OESOPHAGUS	KYSE-520	EFO:0006632	KYSE-520	EFO:0006632	KYSE-520	Same	FALSE	FALSE	FALSE	FALSE	FALSE
KYSE70_OESOPHAGUS	KYSE-70	EFO:0006633	KYSE-70	EFO:0006633	KYSE-70	Same	FALSE	FALSE	FALSE	FALSE	FALSE
L363_HAEMATOPOIETIC_AND_LYMPHOID_TISSUE	L-363	EFO:0006450	L-363	EFO:0006450	L-363	Same	FALSE	FALSE	FALSE	FALSE	FALSE
L428_HAEMATOPOIETIC_AND_LYMPHOID_TISSUE	L-428	EFO:0002225	L428	EFO:0002225	L428	Same	FALSE	FALSE	FALSE	FALSE	FALSE
LC1F_LUNG	LC-1F	MONDO:0016060	laryngotracheoesophageal cleft	EFO:0002827	LC-1F	Unrelated	FALSE	FALSE	FALSE	FALSE	FALSE
LCLC103H_LUNG	LCLC-103H	EFO:0006634	LCLC-103H	EFO:0006634	LCLC-103H	Same	FALSE	FALSE	FALSE	FALSE	FALSE
LCLC97TM1_LUNG	LCLC-97TM1	EFO:0006635	LCLC-97TM1	EFO:0006635	LCLC-97TM1	Same	FALSE	FALSE	FALSE	FALSE	FALSE
LN18_CENTRAL_NERVOUS_SYSTEM	LN-18	MONDO:0002486	lobular neoplasia	EFO:0006636	LN-18	Unrelated	FALSE	FALSE	FALSE	FALSE	FALSE
LN229_CENTRAL_NERVOUS_SYSTEM	LN-229	EFO:0006762	SUM229PE	EFO:0006637	LN-229	Sibling	FALSE	FALSE	FALSE	FALSE	FALSE
LNCAPCLONEFGC_PROSTATE	LNCaP clone FGC	EFO:0005726	LNCaP clone FGC	EFO:0005726	LNCaP clone FGC	Same	FALSE	FALSE	FALSE	FALSE	FALSE
LOUCY_HAEMATOPOIETIC_AND_LYMPHOID_TISSUE	Loucy	EFO:0007112	Loucy	EFO:0007112	Loucy	Same	FALSE	FALSE	FALSE	FALSE	FALSE
LOUNH91_LUNG	LOU-NH91	EFO:0006638	LOU-NH91	EFO:0006638	LOU-NH91	Same	FALSE	FALSE	FALSE	FALSE	FALSE
LOVO_LARGE_INTESTINE	LoVo	EFO:0006639	LoVo	EFO:0006639	LoVo	Same	FALSE	FALSE	FALSE	FALSE	FALSE
LOXIMVI_SKIN	LOX IMVI	EFO:0006284	LOXIMVI	EFO:0006284	LOXIMVI	Same	FALSE	FALSE	FALSE	FALSE	FALSE
LS1034_LARGE_INTESTINE	LS1034	EFO:0002226	LS1034	EFO:0002226	LS1034	Same	FALSE	FALSE	FALSE	FALSE	FALSE
LS180_LARGE_INTESTINE	LS 180	EFO:0006640	LS 180	EFO:0006640	LS 180	Same	FALSE	FALSE	FALSE	FALSE	FALSE
LXF289_LUNG	LXF-289	EFO:0006641	LXF-289	EFO:0006641	LXF-289	Same	FALSE	FALSE	FALSE	FALSE	FALSE
M059K_CENTRAL_NERVOUS_SYSTEM	M059K	EFO:0006451	M059K	EFO:0006451	M059K	Same	FALSE	FALSE	FALSE	FALSE	FALSE
MALME3M_SKIN	Malme-3M	EFO:0002243	Malme3M	EFO:0002243	Malme3M	Same	FALSE	FALSE	FALSE	FALSE	FALSE
MC116_HAEMATOPOIETIC_AND_LYMPHOID_TISSUE	MC116	EFO:0002228	MC116	EFO:0002228	MC116	Same	FALSE	FALSE	FALSE	FALSE	FALSE
MCAS_OVARY	MCAS	EFO:0006453	MCAS	EFO:0006453	MCAS	Same	FALSE	FALSE	FALSE	FALSE	FALSE
MDAMB134VI_BREAST	MDA-MB-134-VI	EFO:0008800	MDA	EFO:0001205	MDAMB134VI	Unrelated	FALSE	FALSE	FALSE	FALSE	FALSE
MDAMB157_BREAST	MDA-MB-157	EFO:0008800	MDA	EFO:0001206	MDAMB157	Unrelated	FALSE	FALSE	FALSE	FALSE	FALSE
MDAMB175VII_BREAST	MDA-MB-175-VII	EFO:0008800	MDA	EFO:0001208	MDAMB175VII	Unrelated	FALSE	FALSE	FALSE	FALSE	FALSE
MDAMB231_BREAST	MDA-MB-231	EFO:0008800	MDA	EFO:0001209	MDAMB231	Unrelated	FALSE	FALSE	FALSE	FALSE	FALSE
MDAMB361_BREAST	MDA-MB-361	EFO:0008800	MDA	EFO:0001211	MDAMB361	Unrelated	FALSE	FALSE	FALSE	FALSE	FALSE
MDAMB415_BREAST	MDA-MB-415	EFO:0008800	MDA	EFO:0001212	MDAMB415	Unrelated	FALSE	FALSE	FALSE	FALSE	FALSE
MDAMB436_BREAST	MDA-MB-436	EFO:0008800	MDA	EFO:0001214	MDAMB436	Unrelated	FALSE	FALSE	FALSE	FALSE	FALSE
MDAMB453_BREAST	MDA-MB-453	EFO:0008800	MDA	EFO:0001215	MDAMB453	Unrelated	FALSE	FALSE	FALSE	FALSE	FALSE
MDAMB468_BREAST	MDA-MB-468	EFO:0008800	MDA	EFO:0001216	MDAMB468	Unrelated	FALSE	FALSE	FALSE	FALSE	FALSE
MDST8_LARGE_INTESTINE	MDST8	EFO:0006644	MDST8	EFO:0006644	MDST8	Same	FALSE	FALSE	FALSE	FALSE	FALSE
ME1_HAEMATOPOIETIC_AND_LYMPHOID_TISSUE	ME-1	MONDO:0007540	multiple endocrine neoplasia type 1	EFO:0006645	ME-1	Unrelated	FALSE	FALSE	FALSE	FALSE	FALSE
MEC1_HAEMATOPOIETIC_AND_LYMPHOID_TISSUE	MEC-1	MONDO:0003036	mucoepidermoid carcinoma	EFO:0002231	MEC1	Unrelated	FALSE	FALSE	FALSE	FALSE	FALSE
MEC2_HAEMATOPOIETIC_AND_LYMPHOID_TISSUE	MEC-2	MONDO:0003036	mucoepidermoid carcinoma	EFO:0006285	MEC2	Unrelated	FALSE	FALSE	FALSE	FALSE	FALSE
MEG01_HAEMATOPOIETIC_AND_LYMPHOID_TISSUE	MEG-01	EFO:0002232	MEG01	EFO:0002232	MEG01	Same	FALSE	FALSE	FALSE	FALSE	FALSE
MELHO_SKIN	MEL-HO	EFO:0003971	MEL cell line	EFO:0006647	MEL-HO	Unrelated	FALSE	FALSE	FALSE	FALSE	FALSE
MESSA_SOFT_TISSUE	MES-SA	EFO:0002233	MESSA	EFO:0002233	MESSA	Same	FALSE	FALSE	FALSE	FALSE	FALSE
MEWO_SKIN	MeWo	EFO:0006648	MeWo	EFO:0006648	MeWo	Same	FALSE	FALSE	FALSE	FALSE	FALSE
MG63_BONE	MG-63	EFO:0004419	milligram per day	EFO:0002234	MG63	Unrelated	FALSE	FALSE	FALSE	FALSE	FALSE
MHHES1_BONE	MHH-ES-1	EFO:0000174	Ewing sarcoma	EFO:0006650	MHH-ES-1	Unrelated	FALSE	FALSE	FALSE	FALSE	FALSE
MHHNB11_AUTONOMIC_GANGLIA	MHH-NB-11	EFO:0006651	MHH-NB-11	EFO:0006651	MHH-NB-11	Same	FALSE	FALSE	FALSE	FALSE	FALSE
MIAPACA2_PANCREAS	MIA PaCa-2	EFO:0002236	MIA Paca-2	EFO:0002236	MIA Paca-2	Same	FALSE	FALSE	FALSE	FALSE	FALSE
MJ_HAEMATOPOIETIC_AND_LYMPHOID_TISSUE	MJ	EFO:0002237	MJ	EFO:0002237	MJ	Same	FALSE	FALSE	FALSE	FALSE	FALSE
MOLM16_HAEMATOPOIETIC_AND_LYMPHOID_TISSUE	MOLM-16	EFO:0006652	MOLM-16	EFO:0006652	MOLM-16	Same	FALSE	FALSE	FALSE	FALSE	FALSE
MOLP2_HAEMATOPOIETIC_AND_LYMPHOID_TISSUE	MOLP-2	EFO:0008517	oral lichen planus	EFO:0006653	MOLP-2	Unrelated	FALSE	FALSE	FALSE	FALSE	FALSE
MOLP8_HAEMATOPOIETIC_AND_LYMPHOID_TISSUE	MOLP-8	EFO:0008517	oral lichen planus	EFO:0006654	MOLP-8	Unrelated	FALSE	FALSE	FALSE	FALSE	FALSE
MOLT16_HAEMATOPOIETIC_AND_LYMPHOID_TISSUE	MOLT-16	EFO:0002239	MOLT16	EFO:0002239	MOLT16	Same	FALSE	FALSE	FALSE	FALSE	FALSE
MOLT3_HAEMATOPOIETIC_AND_LYMPHOID_TISSUE	MOLT-3	EFO:0005265	MOLT-3	EFO:0005265	MOLT-3	Same	FALSE	FALSE	FALSE	FALSE	FALSE
MOLT4_HAEMATOPOIETIC_AND_LYMPHOID_TISSUE	MOLT-4	EFO:0005265	MOLT-3	EFO:0001220	MOLT-4	Sibling	FALSE	FALSE	FALSE	FALSE	FALSE
MONOMAC6_HAEMATOPOIETIC_AND_LYMPHOID_TISSUE	MONO-MAC-6	EFO:0006287	Mono Mac 6	EFO:0006287	Mono Mac 6	Same	FALSE	FALSE	FALSE	FALSE	FALSE
MUTZ3_HAEMATOPOIETIC_AND_LYMPHOID_TISSUE	MUTZ-3	EFO:0005395	MUTZ-3	EFO:0005395	MUTZ-3	Same	FALSE	FALSE	FALSE	FALSE	FALSE
NALM1_HAEMATOPOIETIC_AND_LYMPHOID_TISSUE	NALM-1	EFO:0002244	NALM1	EFO:0002244	NALM1	Same	FALSE	FALSE	FALSE	FALSE	FALSE
NALM6_HAEMATOPOIETIC_AND_LYMPHOID_TISSUE	NALM-6	EFO:0002244	NALM1	EFO:0002245	NALM6	Sibling	FALSE	FALSE	FALSE	FALSE	FALSE
NAMALWA_HAEMATOPOIETIC_AND_LYMPHOID_TISSUE	NAMALWA	EFO:0002246	NAMALWA	EFO:0002246	NAMALWA	Same	FALSE	FALSE	FALSE	FALSE	FALSE
NB4_HAEMATOPOIETIC_AND_LYMPHOID_TISSUE	NB-4	EFO:0000621	neuroblastoma	EFO:0002798	NB4	Unrelated	FALSE	FALSE	FALSE	FALSE	FALSE
NCIH1092_LUNG	NCI-H1092	EFO:0002249	NCI-H1092	EFO:0002249	NCI-H1092	Same	FALSE	FALSE	FALSE	FALSE	FALSE
NCIH1155_LUNG	NCI-H1155	EFO:0002250	NCI-H1155	EFO:0002250	NCI-H1155	Same	FALSE	FALSE	FALSE	FALSE	FALSE
NCIH1299_LUNG	NCI-H1299	EFO:0003043	NCI-H1299	EFO:0003043	NCI-H1299	Same	FALSE	FALSE	FALSE	FALSE	FALSE
NCIH1355_LUNG	NCI-H1355	EFO:0002251	NCI-H1355	EFO:0002251	NCI-H1355	Same	FALSE	FALSE	FALSE	FALSE	FALSE
NCIH1373_LUNG	NCI-H1373	EFO:0006657	NCI-H1373	EFO:0006657	NCI-H1373	Same	FALSE	FALSE	FALSE	FALSE	FALSE
NCIH1395_LUNG	NCI-H1395	EFO:0002252	NCI-H1395	EFO:0002252	NCI-H1395	Same	FALSE	FALSE	FALSE	FALSE	FALSE
NCIH1435_LUNG	NCI-H1435	EFO:0006658	NCI-H1435	EFO:0006658	NCI-H1435	Same	FALSE	FALSE	FALSE	FALSE	FALSE
NCIH1436_LUNG	NCI-H1436	EFO:0002253	NCI-H1436	EFO:0002253	NCI-H1436	Same	FALSE	FALSE	FALSE	FALSE	FALSE
NCIH1437_LUNG	NCI-H1437	EFO:0002254	NCI-H1437	EFO:0002254	NCI-H1437	Same	FALSE	FALSE	FALSE	FALSE	FALSE
NCIH146_LUNG	NCI-H146	EFO:0006659	NCI-H146	EFO:0006659	NCI-H146	Same	FALSE	FALSE	FALSE	FALSE	FALSE
NCIH1563_LUNG	NCI-H1563	EFO:0002255	NCI-H1563	EFO:0002255	NCI-H1563	Same	FALSE	FALSE	FALSE	FALSE	FALSE
NCIH1568_LUNG	NCI-H1568	EFO:0006660	NCI-H1568	EFO:0006660	NCI-H1568	Same	FALSE	FALSE	FALSE	FALSE	FALSE
NCIH1573_LUNG	NCI-H1573	EFO:0002256	NCI-H1573	EFO:0002256	NCI-H1573	Same	FALSE	FALSE	FALSE	FALSE	FALSE
NCIH1581_LUNG	NCI-H1581	EFO:0002257	NCI-H1581	EFO:0002257	NCI-H1581	Same	FALSE	FALSE	FALSE	FALSE	FALSE
NCIH1618_LUNG	NCI-H1618	EFO:0002258	NCI-H1618	EFO:0002258	NCI-H1618	Same	FALSE	FALSE	FALSE	FALSE	FALSE
NCIH1623_LUNG	NCI-H1623	EFO:0002259	NCI-H1623	EFO:0002259	NCI-H1623	Same	FALSE	FALSE	FALSE	FALSE	FALSE
NCIH1648_LUNG	NCI-H1648	EFO:0003119	NCI-H1648	EFO:0003119	NCI-H1648	Same	FALSE	FALSE	FALSE	FALSE	FALSE
NCIH1650_LUNG	NCI-H1650	EFO:0002260	NCI-H1650	EFO:0002260	NCI-H1650	Same	FALSE	FALSE	FALSE	FALSE	FALSE
NCIH1651_LUNG	NCI-H1651	EFO:0002261	NCI-H1651	EFO:0002261	NCI-H1651	Same	FALSE	FALSE	FALSE	FALSE	FALSE
NCIH1666_LUNG	NCI-H1666	EFO:0002262	NCI-H1666	EFO:0002262	NCI-H1666	Same	FALSE	FALSE	FALSE	FALSE	FALSE
NCIH1693_LUNG	NCI-H1693	EFO:0006661	NCI-H1693	EFO:0006661	NCI-H1693	Same	FALSE	FALSE	FALSE	FALSE	FALSE
NCIH1694_LUNG	NCI-H1694	EFO:0002263	NCI-H1694	EFO:0002263	NCI-H1694	Same	FALSE	FALSE	FALSE	FALSE	FALSE
NCIH1703_LUNG	NCI-H1703	EFO:0002264	NCI-H1703	EFO:0002264	NCI-H1703	Same	FALSE	FALSE	FALSE	FALSE	FALSE
NCIH1734_LUNG	NCI-H1734	EFO:0006662	NCI-H1734	EFO:0006662	NCI-H1734	Same	FALSE	FALSE	FALSE	FALSE	FALSE
NCIH1781_LUNG	NCI-H1781	EFO:0006663	NCI-H1781	EFO:0006663	NCI-H1781	Same	FALSE	FALSE	FALSE	FALSE	FALSE
NCIH1792_LUNG	NCI-H1792	EFO:0002266	NCI-H1792	EFO:0002266	NCI-H1792	Same	FALSE	FALSE	FALSE	FALSE	FALSE
NCIH1793_LUNG	NCI-H1793	EFO:0002267	NCI-H1793	EFO:0002267	NCI-H1793	Same	FALSE	FALSE	FALSE	FALSE	FALSE
NCIH1838_LUNG	NCI-H1838	EFO:0002268	NCI-H1838	EFO:0002268	NCI-H1838	Same	FALSE	FALSE	FALSE	FALSE	FALSE
NCIH1869_LUNG	NCI-H1869	EFO:0006664	NCI-H1869	EFO:0006664	NCI-H1869	Same	FALSE	FALSE	FALSE	FALSE	FALSE
NCIH1915_LUNG	NCI-H1915	EFO:0006666	NCI-H1915	EFO:0006666	NCI-H1915	Same	FALSE	FALSE	FALSE	FALSE	FALSE
NCIH1930_LUNG	NCI-H1930	EFO:0002270	NCI-H1930	EFO:0002270	NCI-H1930	Same	FALSE	FALSE	FALSE	FALSE	FALSE
NCIH1944_LUNG	NCI-H1944	EFO:0006667	NCI-H1944	EFO:0006667	NCI-H1944	Same	FALSE	FALSE	FALSE	FALSE	FALSE
NCIH196_LUNG	NCI-H196	EFO:0006668	NCI-H196	EFO:0006668	NCI-H196	Same	FALSE	FALSE	FALSE	FALSE	FALSE
NCIH1975_LUNG	NCI-H1975	EFO:0002271	NCI-H1975	EFO:0002271	NCI-H1975	Same	FALSE	FALSE	FALSE	FALSE	FALSE
NCIH2009_LUNG	NCI-H2009	EFO:0002273	NCI-H2009	EFO:0002273	NCI-H2009	Same	FALSE	FALSE	FALSE	FALSE	FALSE
NCIH2023_LUNG	NCI-H2023	EFO:0006669	NCI-H2023	EFO:0006669	NCI-H2023	Same	FALSE	FALSE	FALSE	FALSE	FALSE
NCIH2030_LUNG	NCI-H2030	EFO:0002274	NCI-H2030	EFO:0002274	NCI-H2030	Same	FALSE	FALSE	FALSE	FALSE	FALSE
NCIH2052_PLEURA	NCI-H2052	EFO:0002275	NCI-H2052	EFO:0002275	NCI-H2052	Same	FALSE	FALSE	FALSE	FALSE	FALSE
NCIH2073_LUNG	NCI-H2073	EFO:0006670	NCI-H2073	EFO:0006670	NCI-H2073	Same	FALSE	FALSE	FALSE	FALSE	FALSE
NCIH2081_LUNG	NCI-H2081	EFO:0002276	NCI-H2081	EFO:0002276	NCI-H2081	Same	FALSE	FALSE	FALSE	FALSE	FALSE
NCIH2087_LUNG	NCI-H2087	EFO:0002277	NCI-H2087	EFO:0002277	NCI-H2087	Same	FALSE	FALSE	FALSE	FALSE	FALSE
NCIH209_LUNG	NCI-H209	EFO:0006671	NCI-H209	EFO:0006671	NCI-H209	Same	FALSE	FALSE	FALSE	FALSE	FALSE
NCIH2106_LUNG	NCI-H2106	EFO:0006672	NCI-H2106	EFO:0006672	NCI-H2106	Same	FALSE	FALSE	FALSE	FALSE	FALSE
NCIH2107	NCIH2107	EFO:0002278	NCI-H2107	EFO:0002278	NCI-H2107	Same	FALSE	FALSE	FALSE	FALSE	FALSE
NCIH2110_LUNG	NCI-H2110	EFO:0006673	NCI-H2110	EFO:0006673	NCI-H2110	Same	FALSE	FALSE	FALSE	FALSE	FALSE
NCIH2122_LUNG	NCI-H2122	EFO:0002279	NCI-H2122	EFO:0002279	NCI-H2122	Same	FALSE	FALSE	FALSE	FALSE	FALSE
NCIH2126_LUNG	NCI-H2126	EFO:0002280	NCI-H2126	EFO:0002280	NCI-H2126	Same	FALSE	FALSE	FALSE	FALSE	FALSE
NCIH2170_LUNG	NCI-H2170	EFO:0002281	NCI-H2170	EFO:0002281	NCI-H2170	Same	FALSE	FALSE	FALSE	FALSE	FALSE
NCIH2171_LUNG	NCI-H2171	EFO:0002282	NCI-H2171	EFO:0002282	NCI-H2171	Same	FALSE	FALSE	FALSE	FALSE	FALSE
NCIH2172_LUNG	NCI-H2172	EFO:0006675	NCI-H2172	EFO:0006675	NCI-H2172	Same	FALSE	FALSE	FALSE	FALSE	FALSE
NCIH2196_LUNG	NCI-H2196	EFO:0006676	NCI-H2196	EFO:0006676	NCI-H2196	Same	FALSE	FALSE	FALSE	FALSE	FALSE
NCIH2228_LUNG	NCI-H2228	EFO:0002284	NCI-H2228	EFO:0002284	NCI-H2228	Same	FALSE	FALSE	FALSE	FALSE	FALSE
NCIH226_LUNG	NCI-H226	EFO:0002285	NCI-H226	EFO:0002285	NCI-H226	Same	FALSE	FALSE	FALSE	FALSE	FALSE
NCIH2347_LUNG	NCI-H2347	EFO:0002287	NCI-H2347	EFO:0002287	NCI-H2347	Same	FALSE	FALSE	FALSE	FALSE	FALSE
NCIH23_LUNG	NCI-H23	EFO:0002286	NCI-H23	EFO:0002286	NCI-H23	Same	FALSE	FALSE	FALSE	FALSE	FALSE
NCIH2405_LUNG	NCI-H2405	EFO:0002288	NCI-H2405	EFO:0002288	NCI-H2405	Same	FALSE	FALSE	FALSE	FALSE	FALSE
NCIH2452_PLEURA	NCI-H2452	EFO:0006680	NCI-H2452	EFO:0006680	NCI-H2452	Same	FALSE	FALSE	FALSE	FALSE	FALSE
NCIH28_PLEURA	NCI-H28	EFO:0006686	NCI-H28	EFO:0006686	NCI-H28	Same	FALSE	FALSE	FALSE	FALSE	FALSE
NCIH292_LUNG	NCI-H292	EFO:0006690	NCI-H292	EFO:0006690	NCI-H292	Same	FALSE	FALSE	FALSE	FALSE	FALSE
NCIH322_LUNG	NCI-H322	EFO:0006691	NCI-H322T	EFO:0006691	NCI-H322T	Same	FALSE	FALSE	FALSE	FALSE	FALSE
NCIH3255_LUNG	NCI-H3255	EFO:0003123	NCI-H3255	EFO:0003123	NCI-H3255	Same	FALSE	FALSE	FALSE	FALSE	FALSE
NCIH358_LUNG	NCI-H358	EFO:0002291	NCI-H358	EFO:0002291	NCI-H358	Same	FALSE	FALSE	FALSE	FALSE	FALSE
NCIH441_LUNG	NCI-H441	EFO:0002292	NCI-H441	EFO:0002292	NCI-H441	Same	FALSE	FALSE	FALSE	FALSE	FALSE
NCIH446_LUNG	NCI-H446	EFO:0002293	NCI-H446	EFO:0002293	NCI-H446	Same	FALSE	FALSE	FALSE	FALSE	FALSE
NCIH460_LUNG	NCI-H460	EFO:0003044	NCI-H460	EFO:0003044	NCI-H460	Same	FALSE	FALSE	FALSE	FALSE	FALSE
NCIH508_LARGE_INTESTINE	NCI-H508	EFO:0002294	NCI-H508	EFO:0002294	NCI-H508	Same	FALSE	FALSE	FALSE	FALSE	FALSE
NCIH520_LUNG	NCI-H520	EFO:0003124	NCI-H520	EFO:0003124	NCI-H520	Same	FALSE	FALSE	FALSE	FALSE	FALSE
NCIH522_LUNG	NCI-H522	EFO:0002295	NCI-H522	EFO:0002295	NCI-H522	Same	FALSE	FALSE	FALSE	FALSE	FALSE
NCIH524_LUNG	NCI-H524	EFO:0002296	NCI-H524	EFO:0002296	NCI-H524	Same	FALSE	FALSE	FALSE	FALSE	FALSE
NCIH596_LUNG	NCI-H596	EFO:0006694	NCI-H596	EFO:0006694	NCI-H596	Same	FALSE	FALSE	FALSE	FALSE	FALSE
NCIH650_LUNG	NCI-H650	EFO:0002298	NCI-H650	EFO:0002298	NCI-H650	Same	FALSE	FALSE	FALSE	FALSE	FALSE
NCIH661_LUNG	NCI-H661	EFO:0002299	NCI-H661	EFO:0002299	NCI-H661	Same	FALSE	FALSE	FALSE	FALSE	FALSE
NCIH69_LUNG	NCI-H69	EFO:0002300	NCI-H69	EFO:0002300	NCI-H69	Same	FALSE	FALSE	FALSE	FALSE	FALSE
NCIH716_LARGE_INTESTINE	NCI-H716	EFO:0002301	NCI-H716	EFO:0002301	NCI-H716	Same	FALSE	FALSE	FALSE	FALSE	FALSE
NCIH727_LUNG	NCI-H727	EFO:0006695	NCI-H727	EFO:0006695	NCI-H727	Same	FALSE	FALSE	FALSE	FALSE	FALSE
NCIH747_LARGE_INTESTINE	NCI-H747	EFO:0002303	NCI-H747	EFO:0002303	NCI-H747	Same	FALSE	FALSE	FALSE	FALSE	FALSE
NCIH810_LUNG	NCI-H810	EFO:0002305	NCI-H810	EFO:0002305	NCI-H810	Same	FALSE	FALSE	FALSE	FALSE	FALSE
NCIH82_LUNG	NCI-H82	EFO:0002306	NCI-H82	EFO:0002306	NCI-H82	Same	FALSE	FALSE	FALSE	FALSE	FALSE
NCIH838_LUNG	NCI-H838	EFO:0002307	NCI-H838	EFO:0002307	NCI-H838	Same	FALSE	FALSE	FALSE	FALSE	FALSE
NCIH889_LUNG	NCI-H889	EFO:0006697	NCI-H889	EFO:0006697	NCI-H889	Same	FALSE	FALSE	FALSE	FALSE	FALSE
NCIH929_HAEMATOPOIETIC_AND_LYMPHOID_TISSUE	NCI-H929	EFO:0001221	NCI-H929	EFO:0001221	NCI-H929	Same	FALSE	FALSE	FALSE	FALSE	FALSE
NCIN87_STOMACH	NCI-N87	EFO:0002841	NCI-N87	EFO:0002841	NCI-N87	Same	FALSE	FALSE	FALSE	FALSE	FALSE
NUDUL1_HAEMATOPOIETIC_AND_LYMPHOID_TISSUE	NU-DUL-1	MONDO:0009664	mulibrey nanism	EFO:0006700	NU-DUL-1	Unrelated	FALSE	FALSE	FALSE	FALSE	FALSE
NUGC2_STOMACH	NUGC-2	EFO:0006701	NUGC-2	EFO:0006701	NUGC-2	Same	FALSE	FALSE	FALSE	FALSE	FALSE
NUGC3_STOMACH	NUGC-3	EFO:0006701	NUGC-2	EFO:0006702	NUGC-3	Sibling	FALSE	FALSE	FALSE	FALSE	FALSE
NUGC4_STOMACH	NUGC-4	EFO:0006701	NUGC-2	EFO:0006703	NUGC-4	Sibling	FALSE	FALSE	FALSE	FALSE	FALSE
OAW28_OVARY	OAW28	EFO:0006704	OAW28	EFO:0006704	OAW28	Same	FALSE	FALSE	FALSE	FALSE	FALSE
OAW42_OVARY	OAW42	EFO:0006705	OAW42	EFO:0006705	OAW42	Same	FALSE	FALSE	FALSE	FALSE	FALSE
OCIAML2_HAEMATOPOIETIC_AND_LYMPHOID_TISSUE	OCI-AML2	EFO:0006706	OCI-AML2	EFO:0006706	OCI-AML2	Same	FALSE	FALSE	FALSE	FALSE	FALSE
OCIAML3_HAEMATOPOIETIC_AND_LYMPHOID_TISSUE	OCI-AML3	EFO:0006289	OCI-AML3	EFO:0006289	OCI-AML3	Same	FALSE	FALSE	FALSE	FALSE	FALSE
OCIAML5_HAEMATOPOIETIC_AND_LYMPHOID_TISSUE	OCI-AML5	EFO:0006707	OCI-AML5	EFO:0006707	OCI-AML5	Same	FALSE	FALSE	FALSE	FALSE	FALSE
OCILY10_HAEMATOPOIETIC_AND_LYMPHOID_TISSUE	OCI-LY10	EFO:0006708	OCI-LY10	EFO:0006708	OCI-LY10	Same	FALSE	FALSE	FALSE	FALSE	FALSE
OCILY19_HAEMATOPOIETIC_AND_LYMPHOID_TISSUE	OCI-LY-19	EFO:0022450	HB1119 cell	EFO:0006709	OCI-LY19	Sibling	FALSE	FALSE	FALSE	FALSE	FALSE
OCILY3_HAEMATOPOIETIC_AND_LYMPHOID_TISSUE	OCI-LY3	EFO:0006710	OCI-LY3	EFO:0006710	OCI-LY3	Same	FALSE	FALSE	FALSE	FALSE	FALSE
OCIM1_HAEMATOPOIETIC_AND_LYMPHOID_TISSUE	OCI-M1	EFO:0003027	acute myeloblastic leukemia without maturation	EFO:0006712	OCI-M1	Unrelated	FALSE	FALSE	FALSE	FALSE	FALSE
OCUM1_STOMACH	OCUM-1	EFO:0006714	OCUM-1	EFO:0006714	OCUM-1	Same	FALSE	FALSE	FALSE	FALSE	FALSE
OE19_OESOPHAGUS	OE19	EFO:0002308	OE19	EFO:0002308	OE19	Same	FALSE	FALSE	FALSE	FALSE	FALSE
OE21_OESOPHAGUS	OE21	EFO:0002309	OE21	EFO:0002309	OE21	Same	FALSE	FALSE	FALSE	FALSE	FALSE
OE33_OESOPHAGUS	OE33	EFO:0002310	OE33	EFO:0002310	OE33	Same	FALSE	FALSE	FALSE	FALSE	FALSE
OPM2_HAEMATOPOIETIC_AND_LYMPHOID_TISSUE	OPM-2	EFO:0003063	polymyositis	EFO:0006716	OPM-2	Unrelated	FALSE	FALSE	FALSE	FALSE	FALSE
OUMS23_LARGE_INTESTINE	OUMS-23	EFO:0006717	OUMS-23	EFO:0006717	OUMS-23	Same	FALSE	FALSE	FALSE	FALSE	FALSE
OV56_OVARY	OV56	EFO:0006458	OV56	EFO:0006458	OV56	Same	FALSE	FALSE	FALSE	FALSE	FALSE
OV7_OVARY	OV7	EFO:0006459	OV7	EFO:0006459	OV7	Same	FALSE	FALSE	FALSE	FALSE	FALSE
OV90_OVARY	OV-90	MONDO:0033563	retinitis pigmentosa 90	EFO:0002311	OV90	Unrelated	FALSE	FALSE	FALSE	FALSE	FALSE
OVCA432	OVCA432	EFO:0006722	OVCA432	EFO:0006722	OVCA432	Same	FALSE	FALSE	FALSE	FALSE	FALSE
OVCAR4_OVARY	OVCAR-4	EFO:0003061	OVCAR3	EFO:0005442	OVCAR4	Sibling	FALSE	FALSE	FALSE	FALSE	FALSE
OVCAR5_OVARY	OVCAR-5	EFO:0003061	OVCAR3	EFO:0005443	OVCAR5	Sibling	FALSE	FALSE	FALSE	FALSE	FALSE
OVCAR8_OVARY	OVCAR-8	EFO:0003061	OVCAR3	EFO:0005444	OVCAR8	Sibling	FALSE	FALSE	FALSE	FALSE	FALSE
OVISE_OVARY	OVISE	EFO:0006724	OVISE	EFO:0006724	OVISE	Same	FALSE	FALSE	FALSE	FALSE	FALSE
OVKATE_OVARY	OVKATE	EFO:0006725	OVKATE	EFO:0006725	OVKATE	Same	FALSE	FALSE	FALSE	FALSE	FALSE
OVMANA_OVARY	OVMANA	EFO:0006726	OVMANA	EFO:0006726	OVMANA	Same	FALSE	FALSE	FALSE	FALSE	FALSE
OVSAHO_OVARY	OVSAHO	EFO:0006727	OVSAHO	EFO:0006727	OVSAHO	Same	FALSE	FALSE	FALSE	FALSE	FALSE
OVTOKO_OVARY	OVTOKO	EFO:0006728	OVTOKO	EFO:0006728	OVTOKO	Same	FALSE	FALSE	FALSE	FALSE	FALSE
P3HR1_HAEMATOPOIETIC_AND_LYMPHOID_TISSUE	P3HR-1	EFO:0002312	P3HR1	EFO:0002312	P3HR1	Same	FALSE	FALSE	FALSE	FALSE	FALSE
PANC0203_PANCREAS	Panc 02.03	EFO:0006466	Panc 02.03	EFO:0006466	Panc 02.03	Same	FALSE	FALSE	FALSE	FALSE	FALSE
PANC0327_PANCREAS	Panc 03.27	EFO:0006467	Panc 03.27	EFO:0006467	Panc 03.27	Same	FALSE	FALSE	FALSE	FALSE	FALSE
PANC0403_PANCREAS	Panc 04.03	EFO:0006468	Panc 04.03	EFO:0006468	Panc 04.03	Same	FALSE	FALSE	FALSE	FALSE	FALSE
PANC0504_PANCREAS	Panc 05.04	EFO:0006469	Panc 05.04	EFO:0006469	Panc 05.04	Same	FALSE	FALSE	FALSE	FALSE	FALSE
PANC0813_PANCREAS	Panc 08.13	EFO:0006470	Panc 08.13	EFO:0006470	Panc 08.13	Same	FALSE	FALSE	FALSE	FALSE	FALSE
PANC1_PANCREAS	PANC-1	EFO:0009012	Polyarteritis Nodosa	EFO:0002713	Panc1	Unrelated	FALSE	FALSE	FALSE	FALSE	FALSE
PATU8902_PANCREAS	PA-TU-8902	EFO:0006729	PA-TU-8902	EFO:0006729	PA-TU-8902	Same	FALSE	FALSE	FALSE	FALSE	FALSE
PATU8988S_PANCREAS	PA-TU-8988S	EFO:0006730	PA-TU-8988S	EFO:0006730	PA-TU-8988S	Same	FALSE	FALSE	FALSE	FALSE	FALSE
PATU8988T_PANCREAS	PA-TU-8988T	EFO:0005713	8988T	EFO:0005713	8988T	Same	FALSE	FALSE	FALSE	FALSE	FALSE
PC14_LUNG	PC-14	MONDO:0016471	pachyonychia congenita	EFO:0002844	PC-14	Unrelated	FALSE	FALSE	FALSE	FALSE	FALSE
PECAPJ15_UPPER_AERODIGESTIVE_TRACT	PE/CA-PJ15	EFO:0009860	chromosomal aberration frequency	EFO:0006733	PE/CA-PJ15	Unrelated	FALSE	FALSE	FALSE	FALSE	FALSE
PFEIFFER_HAEMATOPOIETIC_AND_LYMPHOID_TISSUE	Pfeiffer	EFO:0006472	Pfeiffer	EFO:0006472	Pfeiffer	Same	FALSE	FALSE	FALSE	FALSE	FALSE
PK45H_PANCREAS	PK-45H	EFO:0006734	PK-45H	EFO:0006734	PK-45H	Same	FALSE	FALSE	FALSE	FALSE	FALSE
PK59_PANCREAS	PK-59	MONDO:0009950	pyruvate kinase deficiency of red cells	EFO:0006736	PK-59	Unrelated	FALSE	FALSE	FALSE	FALSE	FALSE
PL21_HAEMATOPOIETIC_AND_LYMPHOID_TISSUE	PL-21	EFO:0001064	Down syndrome	EFO:0006473	PL-21	Unrelated	FALSE	FALSE	FALSE	FALSE	FALSE
PL45_PANCREAS	PL45	EFO:0006474	PL45	EFO:0006474	PL45	Same	FALSE	FALSE	FALSE	FALSE	FALSE
PLB985_HAEMATOPOIETIC_AND_LYMPHOID_TISSUE	PLB-985	EFO:0002313	PLB985	EFO:0002313	PLB985	Same	FALSE	FALSE	FALSE	FALSE	FALSE
PLCPRF5_LIVER	PLC/PRF/5	MONDO:0014176	hypotonia, infantile, with psychomotor retardation and characteristic facies	EFO:0006291	PLC/PRF/5	Unrelated	FALSE	FALSE	FALSE	FALSE	FALSE
PSN1_PANCREAS	PSN1	EFO:0006739	PSN1	EFO:0006739	PSN1	Same	FALSE	FALSE	FALSE	FALSE	FALSE
QGP1_PANCREAS	QGP-1	EFO:0006741	QGP-1	EFO:0006741	QGP-1	Same	FALSE	FALSE	FALSE	FALSE	FALSE
RAJI_HAEMATOPOIETIC_AND_LYMPHOID_TISSUE	Raji	EFO:0002324	Raji	EFO:0002324	Raji	Same	FALSE	FALSE	FALSE	FALSE	FALSE
RCHACV_HAEMATOPOIETIC_AND_LYMPHOID_TISSUE	RCH-ACV	EFO:0030017	RCH-ACV	EFO:0002314	RCHACV	Sibling	FALSE	FALSE	FALSE	FALSE	FALSE
RCM1_LARGE_INTESTINE	RCM-1	EFO:0002630	restrictive cardiomyopathy	EFO:0006476	RCM-1	Unrelated	FALSE	FALSE	FALSE	FALSE	FALSE
RDES_BONE	RD-ES	MONDO:0017387	epithelioid sarcoma	EFO:0002316	RDES	Unrelated	FALSE	FALSE	FALSE	FALSE	FALSE
REC1_HAEMATOPOIETIC_AND_LYMPHOID_TISSUE	REC-1	EFO:0000405	digestive system disease	EFO:0002317	REC1	Unrelated	FALSE	FALSE	FALSE	FALSE	FALSE
RERFGC1B_STOMACH	RERF-GC-1B	DOID:7551	gonorrhea	EFO:0006743	RERF-GC-1B	Unrelated	FALSE	FALSE	FALSE	FALSE	FALSE
RERFLCAI_LUNG	RERF-LC-AI	MONDO:0016060	laryngotracheoesophageal cleft	EFO:0002850	RERF-LC-AI	Unrelated	FALSE	FALSE	FALSE	FALSE	FALSE
RERFLCKJ_LUNG	RERF-LC-KJ	MONDO:0016060	laryngotracheoesophageal cleft	EFO:0002851	RERF-LC-KJ	Unrelated	FALSE	FALSE	FALSE	FALSE	FALSE
RERFLCMS_LUNG	RERF-LC-MS	MONDO:0016060	laryngotracheoesophageal cleft	EFO:0002852	RERF-LC-MS	Unrelated	FALSE	FALSE	FALSE	FALSE	FALSE
RI1_HAEMATOPOIETIC_AND_LYMPHOID_TISSUE	RI-1	EFO:0004008	recombinant inbred strain	EFO:0006477	RI-1	Unrelated	FALSE	FALSE	FALSE	FALSE	FALSE
RKN_SOFT_TISSUE	RKN	EFO:0006745	RKN	EFO:0006745	RKN	Same	FALSE	FALSE	FALSE	FALSE	FALSE
RKO_LARGE_INTESTINE	RKO	EFO:0001232	RKO	EFO:0001232	RKO	Same	FALSE	FALSE	FALSE	FALSE	FALSE
RL952_ENDOMETRIUM	RL95-2	EFO:0002320	RL952	EFO:0002320	RL952	Same	FALSE	FALSE	FALSE	FALSE	FALSE
RL_HAEMATOPOIETIC_AND_LYMPHOID_TISSUE	RL	EFO:0002319	RL	EFO:0002319	RL	Same	FALSE	FALSE	FALSE	FALSE	FALSE
RMGI_OVARY	RMG-I	EFO:0006746	RMG-I	EFO:0006746	RMG-I	Same	FALSE	FALSE	FALSE	FALSE	FALSE
RMUGS_OVARY	RMUG-S	EFO:0006747	RMUG-S	EFO:0006747	RMUG-S	Same	FALSE	FALSE	FALSE	FALSE	FALSE
RT112_URINARY_TRACT	RT-112	EFO:0006479	RT-112	EFO:0006479	RT-112	Same	FALSE	FALSE	FALSE	FALSE	FALSE
RT4_URINARY_TRACT	RT4	EFO:0006480	RT4	EFO:0006480	RT4	Same	FALSE	FALSE	FALSE	FALSE	FALSE
SBC5_LUNG	SBC-5	EFO:0002854	SBC-3	EFO:0002855	SBC-5	Sibling	FALSE	FALSE	FALSE	FALSE	FALSE
SCABER_URINARY_TRACT	SCaBER	EFO:0002325	SCaBER	EFO:0002325	SCaBER	Same	FALSE	FALSE	FALSE	FALSE	FALSE
SCC15_UPPER_AERODIGESTIVE_TRACT	SCC-15	EFO:0000707	squamous cell carcinoma	EFO:0006482	SCC-15	Unrelated	FALSE	FALSE	FALSE	FALSE	FALSE
SCC25_UPPER_AERODIGESTIVE_TRACT	SCC-25	EFO:0000707	squamous cell carcinoma	EFO:0006483	SCC-25	Unrelated	FALSE	FALSE	FALSE	FALSE	FALSE
SCC9_UPPER_AERODIGESTIVE_TRACT	SCC-9	EFO:0000707	squamous cell carcinoma	EFO:0006485	SCC-9	Unrelated	FALSE	FALSE	FALSE	FALSE	FALSE
SCLC21H_LUNG	SCLC-21H	EFO:0006749	SCLC-21H	EFO:0006749	SCLC-21H	Same	FALSE	FALSE	FALSE	FALSE	FALSE
SEM_HAEMATOPOIETIC_AND_LYMPHOID_TISSUE	SEM	EFO:0002326	SEM	EFO:0002326	SEM	Same	FALSE	FALSE	FALSE	FALSE	FALSE
SET2_HAEMATOPOIETIC_AND_LYMPHOID_TISSUE	Set-2	HP:0003674	Onset	EFO:0006486	SET-2	Unrelated	FALSE	FALSE	FALSE	FALSE	FALSE
SF126_CENTRAL_NERVOUS_SYSTEM	SF126	EFO:0005450	SF126	EFO:0005450	SF126	Same	FALSE	FALSE	FALSE	FALSE	FALSE
SF268_CENTRAL_NERVOUS_SYSTEM	SF268	EFO:0005451	SF268	EFO:0005451	SF268	Same	FALSE	FALSE	FALSE	FALSE	FALSE
SF295_CENTRAL_NERVOUS_SYSTEM	SF-295	EFO:0005452	SF295	EFO:0005452	SF295	Same	FALSE	FALSE	FALSE	FALSE	FALSE
SF539_CENTRAL_NERVOUS_SYSTEM	SF539	EFO:0005453	SF539	EFO:0005453	SF539	Same	FALSE	FALSE	FALSE	FALSE	FALSE
SH4_SKIN	SH-4	EFO:0007236	diffuse idiopathic skeletal hyperostosis	EFO:0002327	SH4	Unrelated	FALSE	FALSE	FALSE	FALSE	FALSE
SHP77_LUNG	SHP-77	EFO:0002328	SHP77	EFO:0002328	SHP77	Same	FALSE	FALSE	FALSE	FALSE	FALSE
SHSY5Y_AUTONOMIC_GANGLIA	SH-SY5Y	EFO:0002717	SH-SY5Y	EFO:0002717	SH-SY5Y	Same	FALSE	FALSE	FALSE	FALSE	FALSE
SIGM5_HAEMATOPOIETIC_AND_LYMPHOID_TISSUE	SIG-M5	EFO:0000221	acute monocytic leukemia	EFO:0006751	SIG-M5	Unrelated	FALSE	FALSE	FALSE	FALSE	FALSE
SIHA	SIHA	EFO:0002379	SiHa	EFO:0002379	SiHa	Same	FALSE	FALSE	FALSE	FALSE	FALSE
SJRH30_SOFT_TISSUE	SJRH30	EFO:0002329	SJRH30	EFO:0002329	SJRH30	Same	FALSE	FALSE	FALSE	FALSE	FALSE
SJSA1_BONE	SJSA-1	EFO:0002330	SJSA1	EFO:0002330	SJSA1	Same	FALSE	FALSE	FALSE	FALSE	FALSE
SKBR3_BREAST	SK-BR-3	EFO:0005720	SK-MEL-5	EFO:0001236	SKBR3	Sibling	FALSE	FALSE	FALSE	FALSE	FALSE
SKCO1_LARGE_INTESTINE	SK-CO-1	EFO:0005176	Coimbra ecotype	EFO:0006752	SK-CO-1	Unrelated	FALSE	FALSE	FALSE	FALSE	FALSE
SKES1_BONE	SK-ES-1	MONDO:0017387	epithelioid sarcoma	EFO:0002858	SK-ES-1	Unrelated	FALSE	FALSE	FALSE	FALSE	FALSE
SKLMS1_SOFT_TISSUE	SK-LMS-1	MONDO:0011334	limb-mammary syndrome	EFO:0002331	SKLMS1	Unrelated	FALSE	FALSE	FALSE	FALSE	FALSE
SKM1_HAEMATOPOIETIC_AND_LYMPHOID_TISSUE	SKM-1	EFO:0002801	SKMC	EFO:0006753	SKM-1	Sibling	FALSE	FALSE	FALSE	FALSE	FALSE
SKMEL1_SKIN	SK-MEL-1	EFO:0005720	SK-MEL-5	EFO:0002332	SKMEL1	Sibling	FALSE	FALSE	FALSE	FALSE	FALSE
SKMEL24_SKIN	SK-MEL-24	EFO:0005720	SK-MEL-5	EFO:0006487	SK-MEL-24	Sibling	FALSE	FALSE	FALSE	FALSE	FALSE
SKMEL28_SKIN	SK-MEL-28	EFO:0005720	SK-MEL-5	EFO:0003081	SK-MEL-28	Sibling	FALSE	FALSE	FALSE	FALSE	FALSE
SKMEL2_SKIN	SK-MEL-2	EFO:0005720	SK-MEL-5	EFO:0002079	SK-MEL-2	Sibling	FALSE	FALSE	FALSE	FALSE	FALSE
SKMEL30_SKIN	SK-MEL-30	EFO:0005720	SK-MEL-5	EFO:0006488	SK-MEL-30	Sibling	FALSE	FALSE	FALSE	FALSE	FALSE
SKMEL31_SKIN	SK-MEL-31	EFO:0005720	SK-MEL-5	EFO:0006489	SK-MEL-31	Sibling	FALSE	FALSE	FALSE	FALSE	FALSE
SKMEL3_SKIN	SK-MEL-3	EFO:0005720	SK-MEL-5	EFO:0002333	SKMEL3	Sibling	FALSE	FALSE	FALSE	FALSE	FALSE
SKMEL5_SKIN	SK-MEL-5	EFO:0005720	SK-MEL-5	EFO:0005720	SK-MEL-5	Same	FALSE	FALSE	FALSE	FALSE	FALSE
SKMES1_LUNG	SK-MES-1	MONDO:0017169	multiple endocrine neoplasia	EFO:0002334	SKMES1	Unrelated	FALSE	FALSE	FALSE	FALSE	FALSE
SKMM2_HAEMATOPOIETIC_AND_LYMPHOID_TISSUE	SK-MM-2	MONDO:0009685	Miyoshi myopathy	EFO:0005458	SK-MM-2	Unrelated	FALSE	FALSE	FALSE	FALSE	FALSE
SKNAS_AUTONOMIC_GANGLIA	SK-N-AS	MONDO:0042981	aortic valve stenosis	EFO:0002859	SK-N-AS	Unrelated	FALSE	FALSE	FALSE	FALSE	FALSE
SKNDZ_AUTONOMIC_GANGLIA	SK-N-DZ	EFO:0005721	SK-N-DZ	EFO:0005721	SK-N-DZ	Same	FALSE	FALSE	FALSE	FALSE	FALSE
SKNFI_AUTONOMIC_GANGLIA	SK-N-FI	EFO:0005721	SK-N-DZ	EFO:0002338	SKNFI	Sibling	FALSE	FALSE	FALSE	FALSE	FALSE
SKNMC_BONE	SK-N-MC	EFO:0005721	SK-N-DZ	EFO:0002860	SK-N-MC	Sibling	FALSE	FALSE	FALSE	FALSE	FALSE
SKNSH_AUTONOMIC_GANGLIA	SK-N-SH	EFO:0005721	SK-N-DZ	EFO:0003072	SK-N-SH	Sibling	FALSE	FALSE	FALSE	FALSE	FALSE
SKOV3_OVARY	SK-OV-3	EFO:0005720	SK-MEL-5	EFO:0002340	SKOV3	Sibling	FALSE	FALSE	FALSE	FALSE	FALSE
SKUT1_SOFT_TISSUE	SK-UT-1	EFO:0005720	SK-MEL-5	EFO:0002341	SKUT1	Sibling	FALSE	FALSE	FALSE	FALSE	FALSE
SNB19_CENTRAL_NERVOUS_SYSTEM	SNB-19	EFO:0022450	HB1119 cell	EFO:0002342	SNB19	Sibling	FALSE	FALSE	FALSE	FALSE	FALSE
SNU16_STOMACH	SNU-16	EFO:0002344	SNU16	EFO:0002344	SNU16	Same	FALSE	FALSE	FALSE	FALSE	FALSE
SNU182_LIVER	SNU-182	EFO:0002345	SNU182	EFO:0002345	SNU182	Same	FALSE	FALSE	FALSE	FALSE	FALSE
SNU1_STOMACH	SNU-1	EFO:0002343	SNU1	EFO:0002343	SNU1	Same	FALSE	FALSE	FALSE	FALSE	FALSE
SNU216_STOMACH	SNU-216	EFO:0006754	SNU-216	EFO:0006754	SNU-216	Same	FALSE	FALSE	FALSE	FALSE	FALSE
SNU387_LIVER	SNU-387	EFO:0002346	SNU387	EFO:0002346	SNU387	Same	FALSE	FALSE	FALSE	FALSE	FALSE
SNU398_LIVER	SNU-398	EFO:0002347	SNU398	EFO:0002347	SNU398	Same	FALSE	FALSE	FALSE	FALSE	FALSE
SNU423_LIVER	SNU-423	EFO:0002348	SNU423	EFO:0002348	SNU423	Same	FALSE	FALSE	FALSE	FALSE	FALSE
SNU449_LIVER	SNU-449	EFO:0002349	SNU449	EFO:0002349	SNU449	Same	FALSE	FALSE	FALSE	FALSE	FALSE
SNU475_LIVER	SNU-475	EFO:0002350	SNU475	EFO:0002350	SNU475	Same	FALSE	FALSE	FALSE	FALSE	FALSE
SNU5_STOMACH	SNU-5	EFO:0002343	SNU1	EFO:0002351	SNU5	Sibling	FALSE	FALSE	FALSE	FALSE	FALSE
SNU601_STOMACH	SNU-601	EFO:0006756	SNU-601	EFO:0006756	SNU-601	Same	FALSE	FALSE	FALSE	FALSE	FALSE
SNU620_STOMACH	SNU-620	EFO:0006757	SNU-620	EFO:0006757	SNU-620	Same	FALSE	FALSE	FALSE	FALSE	FALSE
SNU668_STOMACH	SNU-668	EFO:0006759	SNU-668	EFO:0006759	SNU-668	Same	FALSE	FALSE	FALSE	FALSE	FALSE
SNU719_STOMACH	SNU-719	EFO:0006760	SNU-719	EFO:0006760	SNU-719	Same	FALSE	FALSE	FALSE	FALSE	FALSE
SNUC1_LARGE_INTESTINE	SNU-C1	EFO:0006761	SNU-C1	EFO:0006761	SNU-C1	Same	FALSE	FALSE	FALSE	FALSE	FALSE
SR786_HAEMATOPOIETIC_AND_LYMPHOID_TISSUE	SR-786	EFO:0002352	SR	EFO:0006491	SR-786	Sibling	FALSE	FALSE	FALSE	FALSE	FALSE
ST486_HAEMATOPOIETIC_AND_LYMPHOID_TISSUE	ST486	EFO:0002353	ST486	EFO:0002353	ST486	Same	FALSE	FALSE	FALSE	FALSE	FALSE
SU8686_PANCREAS	SU.86.86	EFO:0020541	lymphocyte antigen 86 measurement	EFO:0006494	SU.86.86	Unrelated	FALSE	FALSE	FALSE	FALSE	FALSE
SUDHL10_HAEMATOPOIETIC_AND_LYMPHOID_TISSUE	SU-DHL-10	EFO:0007611	SU-DHL-2	EFO:0002354	SUDHL10	Sibling	FALSE	FALSE	FALSE	FALSE	FALSE
SUDHL1_HAEMATOPOIETIC_AND_LYMPHOID_TISSUE	SU-DHL-1	EFO:0007611	SU-DHL-2	EFO:0005461	SUDHL1	Sibling	FALSE	FALSE	FALSE	FALSE	FALSE
SUDHL4_HAEMATOPOIETIC_AND_LYMPHOID_TISSUE	SU-DHL-4	EFO:0007611	SU-DHL-2	EFO:0006492	SU-DHL-4	Sibling	FALSE	FALSE	FALSE	FALSE	FALSE
SUDHL5_HAEMATOPOIETIC_AND_LYMPHOID_TISSUE	SU-DHL-5	EFO:0007611	SU-DHL-2	EFO:0002356	SUDHL5	Sibling	FALSE	FALSE	FALSE	FALSE	FALSE
SUDHL6_HAEMATOPOIETIC_AND_LYMPHOID_TISSUE	SU-DHL-6	EFO:0007611	SU-DHL-2	EFO:0002357	SUDHL6	Sibling	FALSE	FALSE	FALSE	FALSE	FALSE
SUDHL8_HAEMATOPOIETIC_AND_LYMPHOID_TISSUE	SU-DHL-8	EFO:0007611	SU-DHL-2	EFO:0006493	SU-DHL-8	Sibling	FALSE	FALSE	FALSE	FALSE	FALSE
SUIT2_PANCREAS	SUIT-2	EFO:0006495	SUIT-2	EFO:0006495	SUIT-2	Same	FALSE	FALSE	FALSE	FALSE	FALSE
SUPB15_HAEMATOPOIETIC_AND_LYMPHOID_TISSUE	SUP-B15	EFO:0006763	SUP-B15	EFO:0006763	SUP-B15	Same	FALSE	FALSE	FALSE	FALSE	FALSE
SW1116_LARGE_INTESTINE	SW1116	EFO:0002359	SW1116	EFO:0002359	SW1116	Same	FALSE	FALSE	FALSE	FALSE	FALSE
SW1417_LARGE_INTESTINE	SW1417	EFO:0002361	SW1417	EFO:0002361	SW1417	Same	FALSE	FALSE	FALSE	FALSE	FALSE
SW1463_LARGE_INTESTINE	SW1463	EFO:0002362	SW1463	EFO:0002362	SW1463	Same	FALSE	FALSE	FALSE	FALSE	FALSE
SW403_LARGE_INTESTINE	SW403	EFO:0002366	SW403	EFO:0002366	SW403	Same	FALSE	FALSE	FALSE	FALSE	FALSE
SW480_LARGE_INTESTINE	SW480	EFO:0002083	SW480	EFO:0002083	SW480	Same	FALSE	FALSE	FALSE	FALSE	FALSE
SW48_LARGE_INTESTINE	SW48	EFO:0002367	SW48	EFO:0002367	SW48	Same	FALSE	FALSE	FALSE	FALSE	FALSE
SW620_LARGE_INTESTINE	SW620	EFO:0002368	SW620	EFO:0002368	SW620	Same	FALSE	FALSE	FALSE	FALSE	FALSE
SW837_LARGE_INTESTINE	SW837	EFO:0002372	SW837	EFO:0002372	SW837	Same	FALSE	FALSE	FALSE	FALSE	FALSE
SW948_LARGE_INTESTINE	SW948	EFO:0002375	SW948	EFO:0002375	SW948	Same	FALSE	FALSE	FALSE	FALSE	FALSE
T24_URINARY_TRACT	T24	EFO:0002864	T24	EFO:0002864	T24	Same	FALSE	FALSE	FALSE	FALSE	FALSE
T3M4_PANCREAS	T3M-4	EFO:0002714	Panc89	EFO:0002714	Panc89	Same	FALSE	FALSE	FALSE	FALSE	FALSE
T47D_BREAST	T-47D	EFO:0001247	T47D	EFO:0001247	T47D	Same	FALSE	FALSE	FALSE	FALSE	FALSE
T84_LARGE_INTESTINE	T84	EFO:0002084	T84	EFO:0002084	T84	Same	FALSE	FALSE	FALSE	FALSE	FALSE
TC71_BONE	TC-71	EFO:0002865	TC71	EFO:0002865	TC71	Same	FALSE	FALSE	FALSE	FALSE	FALSE
TCCPAN2_PANCREAS	TCC-PAN2	EFO:0006764	TCC-PAN2	EFO:0006764	TCC-PAN2	Same	FALSE	FALSE	FALSE	FALSE	FALSE
THP1_HAEMATOPOIETIC_AND_LYMPHOID_TISSUE	THP-1	EFO:0001253	THP-1	EFO:0001253	THP-1	Same	FALSE	FALSE	FALSE	FALSE	FALSE
TOLEDO_HAEMATOPOIETIC_AND_LYMPHOID_TISSUE	Toledo	EFO:0002383	Toledo	EFO:0002383	Toledo	Same	FALSE	FALSE	FALSE	FALSE	FALSE
TOV112D_OVARY	TOV-112D	EFO:0005263	TOV-112D	EFO:0005263	TOV-112D	Same	FALSE	FALSE	FALSE	FALSE	FALSE
TT_THYROID	TT	EFO:0002382	TT	EFO:0002382	TT	Same	FALSE	FALSE	FALSE	FALSE	FALSE
TYKNU_OVARY	TYK-nu	EFO:0006766	TYK-nu	EFO:0006766	TYK-nu	Same	FALSE	FALSE	FALSE	FALSE	FALSE
U251MG_CENTRAL_NERVOUS_SYSTEM	U-251 MG	EFO:0006498	U-251 MG	EFO:0006498	U-251 MG	Same	FALSE	FALSE	FALSE	FALSE	FALSE
U266B1_HAEMATOPOIETIC_AND_LYMPHOID_TISSUE	U266B1	EFO:0001254	U266	EFO:0001254	U266	Same	FALSE	FALSE	FALSE	FALSE	FALSE
U87MG_CENTRAL_NERVOUS_SYSTEM	U-87 MG	EFO:0005237	U-87 MG	EFO:0005237	U-87 MG	Same	FALSE	FALSE	FALSE	FALSE	FALSE
U937_HAEMATOPOIETIC_AND_LYMPHOID_TISSUE	U-937	EFO:0001257	U937	EFO:0001257	U937	Same	FALSE	FALSE	FALSE	FALSE	FALSE
UACC257_SKIN	UACC-257	EFO:0005376	UACC-257	EFO:0005376	UACC-257	Same	FALSE	FALSE	FALSE	FALSE	FALSE
UACC62_SKIN	UACC-62	EFO:0005377	UACC-62	EFO:0005377	UACC-62	Same	FALSE	FALSE	FALSE	FALSE	FALSE
UACC812_BREAST	UACC-812	EFO:0001258	UACC812	EFO:0001258	UACC812	Same	FALSE	FALSE	FALSE	FALSE	FALSE
UACC893_BREAST	UACC-893	EFO:0002385	UACC893	EFO:0002385	UACC893	Same	FALSE	FALSE	FALSE	FALSE	FALSE
UMUC1_URINARY_TRACT	UM-UC-1	EFO:0000729	ulcerative colitis	EFO:0006770	UM-UC-1	Unrelated	FALSE	FALSE	FALSE	FALSE	FALSE
UMUC3_URINARY_TRACT	UM-UC-3	EFO:0000729	ulcerative colitis	EFO:0006771	UM-UC-3	Unrelated	FALSE	FALSE	FALSE	FALSE	FALSE
VCAP_PROSTATE	VCaP	EFO:0007752	VCaP	EFO:0007752	VCaP	Same	FALSE	FALSE	FALSE	FALSE	FALSE
VMRCLCD_LUNG	VMRC-LCD	EFO:0006773	VMRC-LCD	EFO:0006773	VMRC-LCD	Same	FALSE	FALSE	FALSE	FALSE	FALSE
WM115_SKIN	WM-115	EFO:0002390	WM115	EFO:0002390	WM115	Same	FALSE	FALSE	FALSE	FALSE	FALSE
WM2664_SKIN	WM-266-4	EFO:0001254	U266	EFO:0006774	WM-266-4	Unrelated	FALSE	FALSE	FALSE	FALSE	FALSE
WM793_SKIN	WM-793	EFO:0002873	WM793	EFO:0002873	WM793	Same	FALSE	FALSE	FALSE	FALSE	FALSE
WSUDLCL2_HAEMATOPOIETIC_AND_LYMPHOID_TISSUE	WSU-DLCL2	EFO:0006775	WSU-DLCL2	EFO:0006775	WSU-DLCL2	Same	FALSE	FALSE	FALSE	FALSE	FALSE
YAPC_PANCREAS	YAPC	EFO:0006778	YAPC	EFO:0006778	YAPC	Same	FALSE	FALSE	FALSE	FALSE	FALSE
YMB1_BREAST	YMB-1	EFO:0006779	YMB-1	EFO:0006779	YMB-1	Same	FALSE	FALSE	FALSE	FALSE	FALSE
ZR751_BREAST	ZR-75-1	MONDO:0030858	immunodeficiency 75	EFO:0001262	ZR751	Unrelated	FALSE	FALSE	FALSE	FALSE	FALSE
ZR7530_BREAST	ZR-75-30	MONDO:0030858	immunodeficiency 75	EFO:0001263	ZR7530	Unrelated	FALSE	FALSE	FALSE	FALSE	FALSE
0002585	COR-L23 cell	EFO:0002142	CORL23	EFO:0002142	CORL23	Same	FALSE	FALSE	FALSE	FALSE	FALSE
0004254	HS-5 cell	EFO:0000324	cell type	EFO:0005282	HS-5	Unrelated	FALSE	FALSE	FALSE	FALSE	FALSE
0007634	MDA-MB-231 cell	EFO:0008800	MDA	EFO:0001209	MDAMB231	Unrelated	FALSE	FALSE	FALSE	FALSE	FALSE
0037116	LNCaP cell	EFO:0002071	LNCAP	EFO:0002071	LNCAP	Same	FALSE	FALSE	FALSE	FALSE	FALSE
DOID:0050032	mineral metabolism disease	EFO:0009556	mineral metabolism disease	EFO:0009556	mineral metabolism disease	Same	TRUE	FALSE	FALSE	FALSE	FALSE
DOID:0050853	chronic venous insufficiency	EFO:0007940	chronic venous insufficiency	EFO:0007940	chronic venous insufficiency	Same	FALSE	FALSE	TRUE	FALSE	FALSE
DOID:0050933	ovarian serous carcinoma	EFO:0002917	ovarian serous adenocarcinoma	EFO:1001516	ovarian serous carcinoma	Unrelated	TRUE	FALSE	FALSE	FALSE	FALSE
DOID:0050985	spinocerebellar ataxia type 38	EFO:0009056	Spinocerebellar ataxia type 38	EFO:0009056	Spinocerebellar ataxia type 38	Same	TRUE	FALSE	FALSE	FALSE	FALSE
DOID:0050986	spinocerebellar ataxia type 40	EFO:0009057	Spinocerebellar ataxia type 40	EFO:0009057	Spinocerebellar ataxia type 40	Same	TRUE	FALSE	FALSE	FALSE	FALSE
DOID:0060077	progesterone-receptor positive breast cancer	EFO:0009782	progesterone-receptor positive breast cancer	EFO:0009782	progesterone-receptor positive breast cancer	Same	TRUE	FALSE	FALSE	FALSE	FALSE
DOID:0060098	osteoblastoma	EFO:1000410	Osteoblastoma	EFO:1000410	Osteoblastoma	Same	TRUE	FALSE	FALSE	FALSE	FALSE
DOID:0060319	cardiac arrest	EFO:0009492	cardiac arrest	EFO:0009492	cardiac arrest	Same	TRUE	FALSE	FALSE	FALSE	FALSE
DOID:0060325	cervical polyp	EFO:0009475	cervical polyp	EFO:0009475	cervical polyp	Same	TRUE	FALSE	FALSE	FALSE	FALSE
DOID:0060538	purpura fulminans	EFO:1001913	Purpura Fulminans	EFO:1001913	Purpura Fulminans	Same	FALSE	FALSE	TRUE	FALSE	FALSE
DOID:0070227	intrahepatic cholestasis of pregnancy	EFO:0009048	Intrahepatic cholestasis of pregnancy	EFO:0009048	Intrahepatic cholestasis of pregnancy	Same	TRUE	FALSE	FALSE	FALSE	FALSE
DOID:0070323	childhood acute myeloid leukemia	EFO:0000330	childhood acute myeloid leukemia	EFO:0000330	childhood acute myeloid leukemia	Same	TRUE	FALSE	FALSE	FALSE	FALSE
DOID:0070346	neurodevelopmental disorder with cataracts, poor growth, and dysmorphic facies	EFO:0010561	neurodevelopmental disorder with cataracts, poor growth, and dysmorphic facies	EFO:0010561	neurodevelopmental disorder with cataracts, poor growth, and dysmorphic facies	Same	TRUE	FALSE	FALSE	FALSE	FALSE
DOID:0080178	mucositis	EFO:1001898	mucositis	EFO:1001898	mucositis	Same	FALSE	FALSE	TRUE	FALSE	FALSE
DOID:0080322	polycystic kidney disease	EFO:0008620	Polycystic Kidney Disease	EFO:0008620	Polycystic Kidney Disease	Same	TRUE	FALSE	FALSE	FALSE	FALSE
DOID:0080531	dedifferentiated liposarcoma	EFO:0003085	dedifferentiated liposarcoma	EFO:0003085	dedifferentiated liposarcoma	Same	TRUE	FALSE	FALSE	FALSE	FALSE
DOID:0080546	non-alcoholic fatty liver	EFO:1001248	non-alcoholic fatty liver	EFO:1001248	non-alcoholic fatty liver	Same	FALSE	FALSE	TRUE	FALSE	FALSE
DOID:0080547	non-alcoholic steatohepatitis	EFO:1001249	non-alcoholic steatohepatitis	EFO:1001249	non-alcoholic steatohepatitis	Same	TRUE	FALSE	FALSE	FALSE	FALSE
DOID:0080690	RASopathy	EFO:1001502	rasopathy	EFO:1001502	rasopathy	Same	TRUE	FALSE	FALSE	FALSE	FALSE
DOID:0080744	antisynthetase syndrome	EFO:1001982	Antisynthetase syndrome	EFO:1001982	Antisynthetase syndrome	Same	TRUE	FALSE	FALSE	FALSE	FALSE
DOID:0080745	polymyositis	EFO:0003063	polymyositis	EFO:0003063	polymyositis	Same	TRUE	FALSE	FALSE	FALSE	FALSE
DOID:0080777	lung sarcomatoid carcinoma	EFO:1000336	Lung Sarcomatoid Carcinoma	EFO:1000336	Lung Sarcomatoid Carcinoma	Same	TRUE	FALSE	FALSE	FALSE	FALSE
DOID:0080780	acute erythroid leukemia	EFO:0000218	acute erythroleukemia	EFO:0000218	acute erythroleukemia	Same	TRUE	FALSE	FALSE	FALSE	FALSE
DOID:0080784	urinary tract infection	EFO:0003103	urinary tract infection	EFO:0003103	urinary tract infection	Same	TRUE	FALSE	FALSE	FALSE	FALSE
DOID:0080794	childhood acute megakaryoblastic leukemia	EFO:1001943	childhood acute megakaryoblastic leukemia	EFO:1001943	childhood acute megakaryoblastic leukemia	Same	TRUE	FALSE	FALSE	FALSE	FALSE
DOID:0080795	acute basophilic leukemia	EFO:0003029	acute basophilic leukemia	EFO:0003029	acute basophilic leukemia	Same	TRUE	FALSE	FALSE	FALSE	FALSE
DOID:0080796	core binding factor acute myeloid leukemia	EFO:1002001	core binding factor acute myeloid leukemia	EFO:1002001	core binding factor acute myeloid leukemia	Same	TRUE	FALSE	FALSE	FALSE	FALSE
DOID:0080799	sinonasal undifferentiated carcinoma	EFO:1000527	Sinonasal Undifferentiated Carcinoma	EFO:1000527	Sinonasal Undifferentiated Carcinoma	Same	TRUE	FALSE	FALSE	FALSE	FALSE
DOID:0080815	childhood-onset asthma	MONDO:0005405	childhood onset asthma	EFO:0004591	childhood onset asthma	Unrelated	FALSE	FALSE	FALSE	FALSE	FALSE
DOID:0080846	latent autoimmune diabetes in adults	EFO:0009706	latent autoimmune diabetes in adults	EFO:0009706	latent autoimmune diabetes in adults	Same	TRUE	FALSE	FALSE	FALSE	FALSE
DOID:0080850	pemphigus foliaceus	EFO:0008601	pemphigus foliaceus	EFO:0008601	pemphigus foliaceus	Same	TRUE	FALSE	FALSE	FALSE	FALSE
DOID:0080851	IgA pemphigus	EFO:0008604	IgA pemphigus	EFO:0008604	IgA pemphigus	Same	TRUE	FALSE	FALSE	FALSE	FALSE
DOID:0080852	paraneoplastic pemphigus	EFO:0008602	paraneoplastic pemphigus	EFO:0008602	paraneoplastic pemphigus	Same	TRUE	FALSE	FALSE	FALSE	FALSE
DOID:0080898	cerebellofaciodental syndrome	EFO:0009030	Cerebellar-facial-dental syndrome	EFO:0009030	Cerebellar-facial-dental syndrome	Same	TRUE	FALSE	FALSE	FALSE	FALSE
DOID:0090113	RIDDLE syndrome	EFO:0009055	RIDDLE syndrome	EFO:0009055	RIDDLE syndrome	Same	TRUE	FALSE	FALSE	FALSE	FALSE
DOID:0110123	Bardet-Biedl syndrome 1	EFO:0009021	Bardet-Biedl syndrome 1	EFO:0009021	Bardet-Biedl syndrome 1	Same	TRUE	FALSE	FALSE	FALSE	FALSE
DOID:0110126	Bardet-Biedl syndrome 4	EFO:0009024	Bardet-Biedl syndrome 4	EFO:0009024	Bardet-Biedl syndrome 4	Same	TRUE	FALSE	FALSE	FALSE	FALSE
DOID:0110127	Bardet-Biedl syndrome 5	EFO:0009025	Bardet-Biedl syndrome 5	EFO:0009025	Bardet-Biedl syndrome 5	Same	TRUE	FALSE	FALSE	FALSE	FALSE
DOID:0110129	Bardet-Biedl syndrome 7	EFO:0009026	Bardet-Biedl syndrome 7	EFO:0009026	Bardet-Biedl syndrome 7	Same	TRUE	FALSE	FALSE	FALSE	FALSE
DOID:0110131	Bardet-Biedl syndrome 9	EFO:0009027	Bardet-Biedl syndrome 9	EFO:0009027	Bardet-Biedl syndrome 9	Same	TRUE	FALSE	FALSE	FALSE	FALSE
DOID:0110132	Bardet-Biedl syndrome 10	EFO:0009022	Bardet-Biedl syndrome 10	EFO:0009022	Bardet-Biedl syndrome 10	Same	TRUE	FALSE	FALSE	FALSE	FALSE
DOID:0110134	Bardet-Biedl syndrome 12	EFO:0009023	Bardet-Biedl syndrome 12	EFO:0009023	Bardet-Biedl syndrome 12	Same	TRUE	FALSE	FALSE	FALSE	FALSE
DOID:0111086	Fanconi anemia complementation group G	EFO:0009046	Fanconi anemia complementation group G	EFO:0009046	Fanconi anemia complementation group G	Same	TRUE	FALSE	FALSE	FALSE	FALSE
DOID:0111088	Fanconi anemia complementation group F	EFO:0009045	Fanconi anemia complementation group F	EFO:0009045	Fanconi anemia complementation group F	Same	TRUE	FALSE	FALSE	FALSE	FALSE
DOID:0111095	Fanconi anemia complementation group A	EFO:0009044	Fanconi anemia complementation group A	EFO:0009044	Fanconi anemia complementation group A	Same	TRUE	FALSE	FALSE	FALSE	FALSE
DOID:0111495	combined oxidative phosphorylation deficiency 33	EFO:0009159	combined oxidative phosphorylation deficiency 33	EFO:0009159	combined oxidative phosphorylation deficiency 33	Same	TRUE	FALSE	FALSE	FALSE	FALSE
DOID:0111552	scapuloperoneal spinal muscular atrophy	EFO:1001992	Scapuloperoneal spinal muscular atrophy	EFO:1001992	Scapuloperoneal spinal muscular atrophy	Same	TRUE	FALSE	FALSE	FALSE	FALSE
DOID:0111560	Charcot-Marie-Tooth disease type 1G	EFO:0010266	Charcot-Marie-Tooth disease type 1G	EFO:0010266	Charcot-Marie-Tooth disease type 1G	Same	TRUE	FALSE	FALSE	FALSE	FALSE
DOID:0111624	ACTH-independent macronodular adrenal hyperplasia 2	EFO:0009148	acth-independent macronodular adrenal hyperplasia 2	EFO:0009148	acth-independent macronodular adrenal hyperplasia 2	Same	TRUE	FALSE	FALSE	FALSE	FALSE
DOID:0111675	neurooculocardiogenitourinary syndrome	EFO:0010663	neurooculocardiogenitourinary syndrome	EFO:0010663	neurooculocardiogenitourinary syndrome	Same	TRUE	FALSE	FALSE	FALSE	FALSE
DOID:0111841	Shukla-Vernon syndrome	EFO:0010278	Shukla-Vernon syndrome	EFO:0010278	Shukla-Vernon syndrome	Same	TRUE	FALSE	FALSE	FALSE	FALSE
DOID:0111843	Paganini-Miozzo syndrome	EFO:0010261	Paganini-Miozzo syndrome	EFO:0010261	Paganini-Miozzo syndrome	Same	TRUE	FALSE	FALSE	FALSE	FALSE
DOID:10573	osteomalacia	EFO:1002027	osteomalacia	EFO:1002027	osteomalacia	Same	TRUE	FALSE	FALSE	FALSE	FALSE
DOID:11613	hyperandrogenism	EFO:0009006	hyperandrogenism	EFO:0009006	hyperandrogenism	Same	TRUE	FALSE	FALSE	FALSE	FALSE
DOID:1373	endometrial stromal nodule	EFO:1000241	Endometrial Stromal Nodule	EFO:1000241	Endometrial Stromal Nodule	Same	TRUE	FALSE	FALSE	FALSE	FALSE
DOID:13938	amenorrhea	EFO:0010269	amenorrhea	EFO:0010269	amenorrhea	Same	TRUE	FALSE	FALSE	FALSE	FALSE
DOID:13957	uterine corpus lipoleiomyoma	EFO:1000614	Uterine Corpus Lipoleiomyoma	EFO:1000614	Uterine Corpus Lipoleiomyoma	Same	TRUE	FALSE	FALSE	FALSE	FALSE
DOID:1788	peritoneal mesothelioma	EFO:1000467	Peritoneal Mesothelioma	EFO:1000467	Peritoneal Mesothelioma	Same	TRUE	FALSE	FALSE	FALSE	FALSE
DOID:1920	hyperuricemia	EFO:0009104	hyperuricemia	EFO:0009104	hyperuricemia	Same	TRUE	FALSE	FALSE	FALSE	FALSE
DOID:2001	neuroma	EFO:0009619	neuroma	EFO:0009619	neuroma	Same	TRUE	FALSE	FALSE	FALSE	FALSE
DOID:2626	choroid plexus papilloma	EFO:1000177	Choroid Plexus Papilloma	EFO:1000177	Choroid Plexus Papilloma	Same	TRUE	FALSE	FALSE	FALSE	FALSE
DOID:2951	motion sickness	EFO:0006928	motion sickness	EFO:0006928	motion sickness	Same	FALSE	FALSE	TRUE	FALSE	FALSE
DOID:3578	ovarian gonadoblastoma	EFO:1000420	Ovarian Gonadoblastoma	EFO:1000420	Ovarian Gonadoblastoma	Same	TRUE	FALSE	FALSE	FALSE	FALSE
DOID:3756	protein C deficiency	MONDO:0019145	hereditary thrombophilia due to congenital protein C deficiency	EFO:0009316	protein c deficiency	Unrelated	TRUE	FALSE	FALSE	FALSE	FALSE
DOID:3767	vaginal discharge	EFO:0009365	vaginal discharge	EFO:0009365	vaginal discharge	Same	FALSE	FALSE	TRUE	FALSE	FALSE
DOID:3847	papillary craniopharyngioma	EFO:1000447	Papillary Craniopharyngioma	EFO:1000447	Papillary Craniopharyngioma	Same	TRUE	FALSE	FALSE	FALSE	FALSE
DOID:417	autoimmune disease	EFO:0005809	type II hypersensitivity reaction disease	EFO:0005140	autoimmune disease	Sibling	TRUE	FALSE	FALSE	FALSE	FALSE
DOID:4210	clear cell meningioma	EFO:1000180	Clear Cell Meningioma	EFO:1000180	Clear Cell Meningioma	Same	TRUE	FALSE	FALSE	FALSE	FALSE
DOID:4217	malignant ovarian Brenner tumor	EFO:1000357	Malignant Ovarian Brenner Tumor	EFO:1000357	Malignant Ovarian Brenner Tumor	Same	TRUE	FALSE	FALSE	FALSE	FALSE
DOID:4432	pancreatic somatostatinoma	EFO:1001964	pancreatic somatostatinoma	EFO:1001964	pancreatic somatostatinoma	Same	TRUE	FALSE	FALSE	FALSE	FALSE
DOID:4588	secretory meningioma	EFO:1000522	Secretory Meningioma	EFO:1000522	Secretory Meningioma	Same	TRUE	FALSE	FALSE	FALSE	FALSE
DOID:4591	lymphoplasmacyte-rich meningioma	EFO:1000342	Lymphoplasmacyte-Rich Meningioma	EFO:1000342	Lymphoplasmacyte-Rich Meningioma	Same	TRUE	FALSE	FALSE	FALSE	FALSE
DOID:4594	microcystic meningioma	EFO:1000376	Microcystic Meningioma	EFO:1000376	Microcystic Meningioma	Same	TRUE	FALSE	FALSE	FALSE	FALSE
DOID:4756	testicular Leydig cell tumor	EFO:1000569	Testicular Leydig Cell Tumor	EFO:1000569	Testicular Leydig Cell Tumor	Same	TRUE	FALSE	FALSE	FALSE	FALSE
DOID:4769	pleuropulmonary blastoma	EFO:0009052	Pleuropulmonary blastoma	EFO:0009052	Pleuropulmonary blastoma	Same	TRUE	FALSE	FALSE	FALSE	FALSE
DOID:5058	rhabdoid meningioma	EFO:1000511	Rhabdoid Meningioma	EFO:1000511	Rhabdoid Meningioma	Same	TRUE	FALSE	FALSE	FALSE	FALSE
DOID:5331	testicular granulosa cell tumor	EFO:1000567	Testicular Granulosa Cell Tumor	EFO:1000567	Testicular Granulosa Cell Tumor	Same	TRUE	FALSE	FALSE	FALSE	FALSE
DOID:535	sleep disorder	EFO:0008568	Sleep Disorder	EFO:0008568	Sleep Disorder	Same	TRUE	FALSE	FALSE	FALSE	FALSE
DOID:5374	pilomatrixoma	EFO:0009082	Pilomatrixoma	EFO:0009082	Pilomatrixoma	Same	TRUE	FALSE	FALSE	FALSE	FALSE
DOID:5580	pancreatic gastrinoma	EFO:1000440	Pancreatic Gastrinoma	EFO:1000440	Pancreatic Gastrinoma	Same	TRUE	FALSE	FALSE	FALSE	FALSE
DOID:5675	cribriform carcinoma	EFO:1000210	Cribriform Carcinoma	EFO:1000210	Cribriform Carcinoma	Same	TRUE	FALSE	FALSE	FALSE	FALSE
DOID:5690	well-differentiated liposarcoma	EFO:1000099	Atypical Lipomatous Tumor	EFO:0000736	well-differentiated liposarcoma	Unrelated	TRUE	FALSE	FALSE	FALSE	FALSE
DOID:5750	endometrial serous adenocarcinoma	EFO:1000238	Endometrial Serous Adenocarcinoma	EFO:1000238	Endometrial Serous Adenocarcinoma	Same	TRUE	FALSE	FALSE	FALSE	FALSE
DOID:5900	meningeal melanocytoma	EFO:1000370	Meningeal Melanocytoma	EFO:1000370	Meningeal Melanocytoma	Same	TRUE	FALSE	FALSE	FALSE	FALSE
DOID:6548	angiomatous meningioma	EFO:1000086	Angiomatous Meningioma	EFO:1000086	Angiomatous Meningioma	Same	TRUE	FALSE	FALSE	FALSE	FALSE
DOID:6610	bone epithelioid hemangioma	EFO:1000132	Bone Epithelioid Hemangioma	EFO:1000132	Bone Epithelioid Hemangioma	Same	TRUE	FALSE	FALSE	FALSE	FALSE
DOID:6823	pancreatoblastoma	EFO:1000446	Pancreatoblastoma	EFO:1000446	Pancreatoblastoma	Same	TRUE	FALSE	FALSE	FALSE	FALSE
DOID:7154	anaplastic oligodendroglioma	EFO:0002501	anaplastic oligodendroglioma	EFO:0002501	anaplastic oligodendroglioma	Same	TRUE	FALSE	FALSE	FALSE	FALSE
DOID:7210	psammomatous meningioma	EFO:1000500	Psammomatous Meningioma	EFO:1000500	Psammomatous Meningioma	Same	TRUE	FALSE	FALSE	FALSE	FALSE
DOID:7211	fibrous meningioma	EFO:1000258	Fibrous Meningioma	EFO:1000258	Fibrous Meningioma	Same	TRUE	FALSE	FALSE	FALSE	FALSE
DOID:7212	meningothelial meningioma	EFO:1000372	Meningothelial Meningioma	EFO:1000372	Meningothelial Meningioma	Same	TRUE	FALSE	FALSE	FALSE	FALSE
DOID:7213	transitional meningioma	EFO:1000602	Transitional Meningioma	EFO:1000602	Transitional Meningioma	Same	TRUE	FALSE	FALSE	FALSE	FALSE
DOID:8353	epithelioid malignant peripheral nerve sheath tumor	EFO:1000245	Epithelioid Malignant Peripheral Nerve Sheath Tumor	EFO:1000245	Epithelioid Malignant Peripheral Nerve Sheath Tumor	Same	TRUE	FALSE	FALSE	FALSE	FALSE
DOID:8368	chordoid meningioma	EFO:1000176	Chordoid Meningioma	EFO:1000176	Chordoid Meningioma	Same	TRUE	FALSE	FALSE	FALSE	FALSE
DOID:8411	kidney angiomyolipoma	EFO:1000312	Kidney Angiomyolipoma	EFO:1000312	Kidney Angiomyolipoma	Same	TRUE	FALSE	FALSE	FALSE	FALSE
DOID:9600	plantar fasciitis	EFO:1001909	Plantar Fasciitis	EFO:1001909	Plantar Fasciitis	Same	FALSE	FALSE	TRUE	FALSE	FALSE
00016951	peginterferon alfa-2a	EFO:0010102	peginterferon alfa-2a	EFO:0010102	peginterferon alfa-2a	Same	FALSE	FALSE	FALSE	FALSE	FALSE
C000608607	Alexa Fluor 555	EFO:0004968	Alexa Fluor 555	EFO:0004968	Alexa Fluor 555	Same	FALSE	FALSE	FALSE	FALSE	FALSE
C001803	tempol	EFO:0002678	tempol	EFO:0002678	tempol	Same	FALSE	FALSE	FALSE	FALSE	FALSE
C048844	anti-IgG	EFO:0005030	anti-IgG	EFO:0005030	anti-IgG	Same	FALSE	FALSE	FALSE	FALSE	FALSE
C056900	neuromedin U	EFO:0003266	neuromedin U	EFO:0003266	neuromedin U	Same	FALSE	FALSE	FALSE	FALSE	FALSE
C076196	Org 31710	EFO:0002673	antiprogestin	EFO:0002673	antiprogestin	Same	FALSE	FALSE	FALSE	FALSE	FALSE
C082585	iberin	EFO:0002671	iberin	EFO:0002671	iberin	Same	FALSE	FALSE	FALSE	FALSE	FALSE
C100416	peginterferon alfa-2a	EFO:0010102	peginterferon alfa-2a	EFO:0010102	peginterferon alfa-2a	Same	FALSE	FALSE	FALSE	FALSE	FALSE
C525074	chitooctaose	EFO:0003237	chitin octamer	EFO:0003237	chitin octamer	Same	FALSE	FALSE	FALSE	FALSE	FALSE
C535892	Lichen planus follicularis	EFO:0009856	lichen planopilaris	EFO:0009856	lichen planopilaris	Same	TRUE	FALSE	FALSE	FALSE	FALSE
C535932	Intrahepatic Cholestasis of Pregnancy	EFO:0009048	Intrahepatic cholestasis of pregnancy	EFO:0009048	Intrahepatic cholestasis of pregnancy	Same	TRUE	FALSE	FALSE	FALSE	FALSE
C536397	Neonatal Systemic lupus erythematosus	EFO:0004537	neonatal systemic lupus erythematosus	EFO:0004537	neonatal systemic lupus erythematosus	Same	TRUE	FALSE	FALSE	FALSE	FALSE
C537143	Ossification of the posterior longitudinal ligament of the spine	EFO:0005895	ossification of the posterior longitudinal ligament of the spine	EFO:0005895	ossification of the posterior longitudinal ligament of the spine	Same	TRUE	FALSE	FALSE	FALSE	FALSE
C537150	Hypoglycemia, leucine-induced	EFO:0006856	leucine-induced hypoglycemia	EFO:0006856	leucine-induced hypoglycemia	Same	FALSE	FALSE	TRUE	FALSE	FALSE
C537296	Granulosa cell tumor of the ovary	EFO:0006461	ovarian granulosa tumour	EFO:0006461	ovarian granulosa tumour	Same	TRUE	FALSE	FALSE	FALSE	FALSE
C537361	Methylmalonic aciduria cblB type	MONDO:0009614	methylmalonic aciduria, cblB type	EFO:0009074	methylmalonic aciduria cblb type	Unrelated	TRUE	FALSE	FALSE	FALSE	FALSE
C537778	Antisynthetase syndrome	EFO:1001982	Antisynthetase syndrome	EFO:1001982	Antisynthetase syndrome	Same	TRUE	FALSE	FALSE	FALSE	FALSE
C538116	Heterotaxy, visceral, X-linked	MONDO:0018677	visceral heterotaxy	EFO:0009136	heterotaxy, visceral, x-linked	Unrelated	FALSE	FALSE	TRUE	FALSE	FALSE
C538246	Aminoacylase 1 deficiency	ORPHANET.ORDO:137754	Aminoacylase 1 deficiency	EFO:1001981	Aminoacylase 1 deficiency	Unrelated	TRUE	FALSE	FALSE	FALSE	FALSE
C538253	Amyotrophy, monomelic	EFO:1001989	Monomelic amyotrophy	EFO:1001989	Monomelic amyotrophy	Same	TRUE	FALSE	FALSE	FALSE	FALSE
C538459	Ovarian gynandroblastoma	EFO:1000422	Ovarian Gynandroblastoma	EFO:1000422	Ovarian Gynandroblastoma	Same	TRUE	FALSE	FALSE	FALSE	FALSE
C548033	Medullary Cystic Kidney Disease 2	MONDO:0008073	familial juvenile hyperuricemic nephropathy type 1	EFO:0008618	Medullary Cystic Kidney Disease Type II	Unrelated	TRUE	FALSE	FALSE	FALSE	FALSE
C562465	Phobia, Specific	EFO:1001918	specific phobia	EFO:1001918	specific phobia	Same	TRUE	FALSE	FALSE	FALSE	FALSE
C562776	Hyperproinsulinemia	EFO:0009650	hyperproinsulinemia	EFO:0009650	hyperproinsulinemia	Same	TRUE	FALSE	FALSE	FALSE	FALSE
C563236	Testicular Germ Cell Tumor	EFO:1000566	Testicular Germ Cell Tumor	EFO:1000566	Testicular Germ Cell Tumor	Same	TRUE	FALSE	FALSE	FALSE	FALSE
C564963	Leigh Syndrome due to Mitochondrial Complex IV Deficiency	EFO:0009135	leigh syndrome due to mitochondrial complex iv deficiency	EFO:0009135	leigh syndrome due to mitochondrial complex iv deficiency	Same	TRUE	FALSE	FALSE	FALSE	FALSE
C567516	Temple-Baraitser Syndrome	EFO:0009062	Temple-Baraitser syndrome	EFO:0009062	Temple-Baraitser syndrome	Same	TRUE	FALSE	FALSE	FALSE	FALSE
C569686	Alexa Fluor 647	EFO:0004967	Alexa Fluor 647	EFO:0004967	Alexa Fluor 647	Same	FALSE	FALSE	FALSE	FALSE	FALSE
D000007	Abdominal Injuries	EFO:0009502	abdominal injury	EFO:0009502	abdominal injury	Same	FALSE	FALSE	FALSE	FALSE	FALSE
D000066450	Mouse Embryonic Stem Cells	EFO:0004038	mouse embryonic stem cell	EFO:0004038	mouse embryonic stem cell	Same	FALSE	FALSE	FALSE	FALSE	FALSE
D000069078	Seroconversion	EFO:0007851	seroconversion	EFO:0007851	seroconversion	Same	FALSE	FALSE	FALSE	FALSE	TRUE
D000071576	Crush Injuries	EFO:0009504	crush injury	EFO:0009504	crush injury	Same	FALSE	FALSE	FALSE	FALSE	FALSE
D000071698	Latent Autoimmune Diabetes in Adults	EFO:0009706	latent autoimmune diabetes in adults	EFO:0009706	latent autoimmune diabetes in adults	Same	TRUE	FALSE	FALSE	FALSE	FALSE
D000072142	Pathologists	EFO:0009738	pathologist	EFO:0009738	pathologist	Same	FALSE	FALSE	FALSE	FALSE	FALSE
D000072283	A549 Cells	EFO:0001086	A549	EFO:0001086	A549	Same	FALSE	FALSE	FALSE	FALSE	FALSE
D000072657	ST Elevation Myocardial Infarction	EFO:0008585	ST Elevation Myocardial Infarction	EFO:0008585	ST Elevation Myocardial Infarction	Same	TRUE	FALSE	FALSE	FALSE	FALSE
D000072658	Non-ST Elevated Myocardial Infarction	EFO:0008585	ST Elevation Myocardial Infarction	EFO:0008586	Non-ST Elevation Myocardial Infarction	Sibling	TRUE	FALSE	FALSE	FALSE	FALSE
D000072660	Teratozoospermia	HP:0012864	Abnormal sperm morphology	EFO:0002625	teratozoospermia	Unrelated	FALSE	FALSE	FALSE	FALSE	FALSE
D000074361	Sleep Latency	EFO:0005280	sleep latency	EFO:0005280	sleep latency	Same	FALSE	TRUE	FALSE	FALSE	FALSE
D000075322	Heavy Metal Poisoning	EFO:1001518	heavy metal poisoning	EFO:1001518	heavy metal poisoning	Same	TRUE	FALSE	FALSE	FALSE	FALSE
D000076385	Diverticular Diseases	EFO:0009959	diverticular disease	EFO:0009959	diverticular disease	Same	TRUE	FALSE	FALSE	FALSE	FALSE
D000077195	Squamous Cell Carcinoma of Head and Neck	EFO:0000181	head and neck squamous cell carcinoma	EFO:0000181	head and neck squamous cell carcinoma	Same	TRUE	FALSE	FALSE	FALSE	FALSE
D000077277	Esophageal Squamous Cell Carcinoma	EFO:0005922	esophageal squamous cell carcinoma	EFO:0005922	esophageal squamous cell carcinoma	Same	TRUE	FALSE	FALSE	FALSE	FALSE
D000077982	Progression-Free Survival	EFO:0004920	progression free survival	EFO:0004920	progression free survival	Same	FALSE	TRUE	FALSE	FALSE	FALSE
D000080909	Carotid-Femoral Pulse Wave Velocity	EFO:0004724	carotid-femoral pulse wave velocity	EFO:0004724	carotid-femoral pulse wave velocity	Same	FALSE	TRUE	FALSE	FALSE	FALSE
D000081246	RNA-Seq	EFO:0022396	TruSeq	EFO:0008896	RNA-Seq	Sibling	FALSE	FALSE	FALSE	FALSE	TRUE
D000671	Amputation	EFO:0009632	amputation	EFO:0009632	amputation	Same	FALSE	FALSE	FALSE	FALSE	TRUE
D000783	Aneurysm	EFO:0009659	aneurysm	EFO:0009659	aneurysm	Same	TRUE	FALSE	FALSE	FALSE	FALSE
D000860	Hypoxia	EFO:0009444	hypoxia	EFO:0009444	hypoxia	Same	FALSE	FALSE	TRUE	FALSE	FALSE
D001237	Asphyxia	EFO:0009446	asphyxia	EFO:0009446	asphyxia	Same	FALSE	FALSE	TRUE	FALSE	FALSE
D001284	Atrophy	EFO:1000096	Atrophy	EFO:1000096	Atrophy	Same	FALSE	FALSE	FALSE	FALSE	TRUE
D001782	Blood Donors	EFO:0009635	blood donor	EFO:0009635	blood donor	Same	FALSE	FALSE	FALSE	FALSE	FALSE
D002375	Catalepsy	EFO:0009845	catalepsy	EFO:0009845	catalepsy	Same	TRUE	FALSE	FALSE	FALSE	FALSE
D002585	Cesarean Section	EFO:0009636	cesarean section	EFO:0009636	cesarean section	Same	FALSE	FALSE	FALSE	FALSE	TRUE
D002908	Chronic Disease	EFO:0009714	chronic disease	EFO:0009714	chronic disease	Same	TRUE	FALSE	FALSE	FALSE	FALSE
D003251	Constriction, Pathologic	MONDO:0002123	calcinosis	EFO:0006818	stricture	Unrelated	FALSE	FALSE	TRUE	FALSE	FALSE
D003267	Contraception	EFO:0009520	contraception	EFO:0009520	contraception	Same	FALSE	FALSE	FALSE	FALSE	TRUE
D003289	Convalescence	EFO:0009630	convalescence	EFO:0009630	convalescence	Same	FALSE	FALSE	FALSE	FALSE	TRUE
D004272	DNA, Mitochondrial	EFO:0008480	mitochondrial DNA	EFO:0008480	mitochondrial DNA	Same	FALSE	FALSE	FALSE	FALSE	FALSE
D004487	Edema	EFO:0009373	edema	EFO:0009373	edema	Same	TRUE	FALSE	FALSE	FALSE	FALSE
D005157	Facial Pain	EFO:0009625	facial pain	EFO:0009625	facial pain	Same	FALSE	FALSE	TRUE	FALSE	FALSE
D005355	Fibrosis	EFO:0006890	fibrosis	EFO:0006890	fibrosis	Same	TRUE	FALSE	FALSE	FALSE	FALSE
D005414	Flatulence	EFO:0009669	flatulence	EFO:0009669	flatulence	Same	TRUE	FALSE	FALSE	FALSE	FALSE
D005599	Fractures, Ununited	EFO:0009707	fractures, ununited	EFO:0009707	fractures, ununited	Same	TRUE	FALSE	FALSE	FALSE	FALSE
D005627	Frostbite	EFO:0009527	frostbite	EFO:0009527	frostbite	Same	FALSE	FALSE	FALSE	FALSE	FALSE
D006461	Hemolysis	EFO:0009473	hemolysis	EFO:0009473	hemolysis	Same	FALSE	FALSE	FALSE	FALSE	TRUE
D006473	Postpartum Hemorrhage	EFO:0009579	postpartum hemorrhage	EFO:0009579	postpartum hemorrhage	Same	TRUE	FALSE	TRUE	FALSE	FALSE
D006521	Hepatitis, Chronic	EFO:0008496	chronic hepatitis	EFO:0008496	chronic hepatitis	Same	FALSE	FALSE	TRUE	FALSE	FALSE
D006716	Homosexuality	EFO:0008485	homosexuality	EFO:0008485	homosexuality	Same	FALSE	FALSE	TRUE	FALSE	FALSE
D007572	Jaw Fractures	EFO:0009612	jaw fracture	EFO:0009612	jaw fracture	Same	TRUE	FALSE	FALSE	FALSE	FALSE
D007789	Lactose Tolerance Test	EFO:0010557	lactose tolerance test	EFO:0010557	lactose tolerance test	Same	FALSE	TRUE	FALSE	FALSE	FALSE
D007937	Leukapheresis	EFO:0009126	leukapheresis	EFO:0009126	leukapheresis	Same	FALSE	FALSE	FALSE	FALSE	TRUE
D008451	Maximal Voluntary Ventilation	EFO:0008431	maximal voluntary ventilation	EFO:0008431	maximal voluntary ventilation	Same	FALSE	TRUE	FALSE	FALSE	FALSE
D009026	Mortality	EFO:0004352	mortality	EFO:0004352	mortality	Same	FALSE	TRUE	FALSE	FALSE	FALSE
D009041	Motion Sickness	EFO:0006928	motion sickness	EFO:0006928	motion sickness	Same	FALSE	FALSE	TRUE	FALSE	FALSE
D009120	Muscle Cramp	EFO:0009846	muscle cramp	EFO:0009846	muscle cramp	Same	FALSE	FALSE	TRUE	FALSE	FALSE
D009133	Muscular Atrophy	HP:0003202	Skeletal muscle atrophy	EFO:0009851	muscle atrophy	Unrelated	FALSE	FALSE	FALSE	FALSE	TRUE
D009336	Necrosis	EFO:0009426	necrosis	EFO:0009426	necrosis	Same	FALSE	FALSE	TRUE	FALSE	FALSE
D009437	Neuralgia	EFO:0009430	neuralgia	EFO:0005762	neuropathic pain	Unrelated	FALSE	FALSE	TRUE	FALSE	FALSE
D009463	Neuroma	EFO:0009619	neuroma	EFO:0009619	neuroma	Same	TRUE	FALSE	FALSE	FALSE	FALSE
D009917	Orbital Fractures	EFO:0009611	orbital fracture	EFO:0009611	orbital fracture	Same	TRUE	FALSE	FALSE	FALSE	FALSE
D010510	Periodontal Diseases	MONDO:0002635	periodontal disorder	EFO:0010693	tooth-supporting structures disease	Unrelated	TRUE	FALSE	FALSE	FALSE	FALSE
D010996	Pleural Effusion	EFO:0009637	pleural effusion	EFO:0009637	pleural effusion	Same	FALSE	FALSE	TRUE	FALSE	FALSE
D012046	Rehabilitation	EFO:0009581	rehabilitation	EFO:0009581	rehabilitation	Same	FALSE	FALSE	FALSE	FALSE	TRUE
D012253	Rib Fractures	EFO:0009620	rib fracture	EFO:0009620	rib fracture	Same	TRUE	FALSE	FALSE	FALSE	FALSE
D012784	Shoulder Fractures	EFO:0009621	shoulder fracture	EFO:0009621	shoulder fracture	Same	TRUE	FALSE	FALSE	FALSE	FALSE
D013203	Staphylococcal Infections	EFO:1001849	staphylococcal skin infections	EFO:0005681	Staphylococcus aureus infection	More General	TRUE	FALSE	FALSE	FALSE	FALSE
D013405	Suicide	EFO:0007624	suicide	EFO:0007624	suicide	Same	FALSE	FALSE	FALSE	FALSE	TRUE
D014098	Toothache	EFO:0010072	toothache	EFO:0010072	toothache	Same	FALSE	FALSE	TRUE	FALSE	FALSE
D014647	Varicose Ulcer	EFO:1001923	varicose ulcer	EFO:1001923	varicose ulcer	Same	FALSE	FALSE	TRUE	FALSE	FALSE
D014987	Xerostomia	EFO:0009869	xerostomia	EFO:0009869	xerostomia	Same	FALSE	FALSE	TRUE	FALSE	FALSE
D015275	Tumor Lysis Syndrome	EFO:1001479	Tumor Lysis Syndrome	EFO:1001479	Tumor Lysis Syndrome	Same	TRUE	FALSE	FALSE	FALSE	FALSE
D015831	Osteochondroma	EFO:1000411	Osteochondroma	EFO:1000411	Osteochondroma	Same	TRUE	FALSE	FALSE	FALSE	FALSE
D016084	Bronchoconstriction	EFO:0009836	bronchoconstriction	EFO:0009836	bronchoconstriction	Same	FALSE	FALSE	FALSE	FALSE	TRUE
D016530	Orthopedic Nursing	EFO:0009577	orthopedic nursing	EFO:0009577	orthopedic nursing	Same	FALSE	FALSE	FALSE	FALSE	TRUE
D016543	Central Nervous System Neoplasms	EFO:1000158	Central Nervous System Neoplasm	EFO:1000158	Central Nervous System Neoplasm	Same	TRUE	FALSE	FALSE	FALSE	FALSE
D016898	Interferon-alpha	EFO:0003021	interferon alpha	EFO:0003021	interferon alpha	Same	FALSE	FALSE	FALSE	FALSE	FALSE
D017588	Hyperandrogenism	EFO:0009006	hyperandrogenism	EFO:0009006	hyperandrogenism	Same	TRUE	FALSE	FALSE	FALSE	FALSE
D017701	Reticulocyte Count	EFO:0007986	reticulocyte count	EFO:0007986	reticulocyte count	Same	FALSE	TRUE	FALSE	FALSE	FALSE
D017731	Lymphomatoid Papulosis	EFO:1000341	Lymphomatoid Papulosis	EFO:1000341	Lymphomatoid Papulosis	Same	TRUE	FALSE	FALSE	FALSE	FALSE
D018058	Tympanic Membrane Perforation	EFO:0009472	tympanic membrane perforation	EFO:0009472	tympanic membrane perforation	Same	FALSE	FALSE	TRUE	FALSE	FALSE
D018215	Osteoblastoma	EFO:1000410	Osteoblastoma	EFO:1000410	Osteoblastoma	Same	TRUE	FALSE	FALSE	FALSE	FALSE
D018226	Fibroadenoma	EFO:1000254	Fibroadenoma	EFO:1000254	Fibroadenoma	Same	TRUE	FALSE	FALSE	FALSE	FALSE
D018296	Pilomatrixoma	EFO:0009082	Pilomatrixoma	EFO:0009082	Pilomatrixoma	Same	TRUE	FALSE	FALSE	FALSE	FALSE
D018451	Homosexuality, Male	EFO:0008486	male homosexuality	EFO:0008486	male homosexuality	Same	FALSE	FALSE	TRUE	FALSE	FALSE
D019522	Vaginal Discharge	EFO:0009365	vaginal discharge	EFO:0009365	vaginal discharge	Same	FALSE	FALSE	TRUE	FALSE	FALSE
D020246	Venous Thrombosis	HP:0004936	Venous thrombosis	EFO:0003907	deep vein thrombosis	More General	FALSE	FALSE	TRUE	FALSE	FALSE
D030361	Papillomavirus Infections	EFO:0001668	human papilloma virus infection	EFO:0001668	human papilloma virus infection	Same	TRUE	FALSE	FALSE	FALSE	FALSE
D033461	Hyperuricemia	EFO:0009104	hyperuricemia	EFO:0009104	hyperuricemia	Same	TRUE	FALSE	FALSE	FALSE	FALSE
D054079	Vascular Malformations	EFO:0006888	vascular malformation	EFO:0006888	vascular malformation	Same	TRUE	FALSE	TRUE	FALSE	FALSE
D055423	Diet, Ketogenic	EFO:0009371	ketogenic diet	EFO:0009371	ketogenic diet	Same	FALSE	FALSE	FALSE	FALSE	FALSE
D055665	Purpura Fulminans	EFO:1001913	Purpura Fulminans	EFO:1001913	Purpura Fulminans	Same	FALSE	FALSE	TRUE	FALSE	FALSE
D056344	Executive Function	EFO:0007046	executive function	EFO:0007046	executive function	Same	FALSE	FALSE	FALSE	FALSE	TRUE
D059246	Tachypnea	EFO:0009840	tachypnea	EFO:0009840	tachypnea	Same	FALSE	FALSE	TRUE	FALSE	FALSE
D059305	Diet, High-Fat	EFO:0002757	high fat diet	EFO:0002757	high fat diet	Same	FALSE	FALSE	FALSE	FALSE	FALSE
D059345	Cerebral Small Vessel Diseases	EFO:0008493	cerebral small vessel disease	EFO:0008493	cerebral small vessel disease	Same	TRUE	FALSE	FALSE	FALSE	FALSE
D059349	Urine Specimen Collection	EFO:0009123	urine collection	EFO:0009123	urine collection	Same	FALSE	FALSE	FALSE	FALSE	TRUE
D059630	Mesenchymal Stem Cells	EFO:0000586	mesenchymal stem cell	EFO:0000586	mesenchymal stem cell	Same	FALSE	FALSE	FALSE	FALSE	FALSE
D061218	Depressive Disorder, Treatment-Resistant	EFO:0009854	treatment resistant depression	EFO:0009854	treatment resistant depression	Same	TRUE	FALSE	FALSE	FALSE	FALSE
D061346	Laser Capture Microdissection	EFO:0009111	laser capture microdissection	EFO:0009111	laser capture microdissection	Same	FALSE	FALSE	FALSE	FALSE	TRUE
D062025	Organophosphate Poisoning	EFO:0010581	organophosphate poisoning	EFO:0010581	organophosphate poisoning	Same	TRUE	FALSE	FALSE	FALSE	FALSE
D064386	Ankle Fractures	EFO:0009615	ankle fracture	EFO:0009615	ankle fracture	Same	TRUE	FALSE	FALSE	FALSE	FALSE
D064527	Etiolation	EFO:0007589	etiolation	EFO:0007589	etiolation	Same	FALSE	FALSE	FALSE	FALSE	FALSE
D065290	Acute-On-Chronic Liver Failure	MONDO:0019542	acute liver failure	EFO:0007949	acute-on-chronic liver failure	Unrelated	TRUE	FALSE	TRUE	FALSE	FALSE
D065886	Neurodevelopmental Disorders	EFO:0010642	Neurodevelopmental disorder	EFO:0010642	Neurodevelopmental disorder	Same	TRUE	FALSE	FALSE	FALSE	FALSE
D065927	Waist-Height Ratio	EFO:0005191	waist height ratio	EFO:0005191	waist height ratio	Same	FALSE	TRUE	FALSE	FALSE	FALSE
